"code","desc"
301110010,"KOI (COMMON) CARP (CYPRINUS CARPIO) LIVE"
301110020,"GOLDFISH (CARASSIUS AURATUS) AND CRUCIAN CARP (CARASSIUS CARASSIUS) LIVE"
301110090,"FRESHWATER FISH ORNAMENTAL LIVE NESOI"
301190000,"FISH ORNAMENTAL LIVE OTHER THAN FRESHWATER"
301910000,"TROUT (SALMO TRUTTA ONCORHYNCHUS MYKISS CLARKI AGUABONITA GILAE APACHE AND CHRYSOGASTER) LIVE"
301920000,"EELS (ANGUILLA SPP.) LIVE"
301930290,"CARP LIVE NESOI"
301940100,"ATLANTIC AND PACIFIC BLUEFIN TUNAS (THUNNUS THYNNUS THUNNUS ORIENTALIS) LIVE"
301950000,"SOUTHERN BLUEFIN TUNAS (THUNNUS MACCOYII) LIVE"
301990390,"FISH LIVE NESOI"
302110010,"RAINBOW TROUT (SALMO GAIRDNERI) FARMED FRESH OR CHILLED EXCEPT FILLETS LIVERS AND ROES"
302110090,"TROUT (SALMO TRUTTA ONCORHYNCHUS MYKISS CLARKI AGUABONITA GILAE APACHE & CHRYSOGASTER) FR/CH EXCEPT FARMED RAINBOW TROUT; FILLETS LIVER & ROE"
302130013,"CHINOOK (KING) SALMON FARMED FRESH OR CHILLED EXCEPT FILLETS LIVERS AND ROES"
302130014,"CHINOOK (KING) SALMON FRESH OR CHILLED EXCEPT FARMED FILLETS LIVERS AND ROES"
302130022,"CHUM (DOG) SALMON FRESH OR CHILLED EXCEPT FILLETS LIVERS AND ROES"
302130032,"PINK (HUMPIE) SALMON FRESH OR CHILLED EXCEPT FILLETS LIVERS AND ROES"
302130042,"SOCKEYE (RED) SALMON FRESH OR CHILLED EXCEPT FILLETS LIVERS AND ROES"
302130053,"COHO (SILVER) SALMON FARMED FRESH OR CHILLED EXCEPT FILLETS LIVERS AND ROES"
302130054,"COHO (SILVER) SALMON FRESH OR CHILLED EXCEPT FARMED FILLETS LIVERS AND ROES"
302130062,"PACIFIC SALMON (ONCORHYNCHUS NERKA ONCORHYNCH GORBUSCHA ETC) FRESH OR CHILLED EXCEPT FILLETS LIVERS AND ROES"
302140003,"ATLANTIC SALMON (SALMO SALAR) FARMED FRESH OR CHILLED EXCEPT FILLETS LIVERS AND ROES"
302140004,"ATLANTIC SALMON (SALMO SALAR) FRESH OR CHILLED EXCEPT FARMED FILLETS LIVERS AND ROES"
302140062,"DANUBE SALMON (HUCHO HUCHO) FRESH OR CHILLED EXCEPT FILLETS LIVERS AND ROES"
302190000,"SALMONIDAE FRESH OR CHILLED EXCEPT FILLETS LIVERS AND ROES NESOI"
302210010,"ATLANTIC HALIBUT (HIPPOGLOSSUS HIPPOGLOSSUS) FRESH OR CHILLED EXCEPT FILLETS LIVERS AND ROES"
302210020,"PACIFIC HALIBUT (HIPPOGLOSSUS STENOLEPIS) FRESH OR CHILLED EXCEPT  FILLETS LIVERS AND ROES"
302210090,"GREENLAND HALIBUT/TURBOT (REINHARDTIUS HIPPOGLOSSOIDES) FRESH OR CHILLED EXCEPT FILLETS LIVERS AND ROES"
302220000,"PLAICE (PLEURONECTES PLATESSA) FRESH OR CHILLED EXCEPT FILLETS LIVERS AND ROES"
302230000,"SOLE (SOLEA SPP.) FRESH OR CHILLED EXCEPT FILLETS LIVERS AND ROES"
302240000,"TURBOTS (PSETTA MAXIMA) FRESH OR CHILLED EXCLEPT FILLETS LIVERS AND ROES"
302290110,"FLOUNDER FRESH OR CHILLED EXCEPT FILLETS LIVERS AND ROES"
302290190,"FLATFISH (PLEURONECTIDAE BOTHIDAE CYNOGLOSSIDAE SOLEIDAE SCOPHTHALMIDAE AND CITHARIDAE) FRESH OR CHILLED EXCLEPT FILLETS LIVERS AND ROES NESOI"
302310000,"ALBACORE OR LONGFINNED TUNAS (THUNNUS ALALUNGA) FRESH OR CHILLED EXCEPT FILLETS LIVERS AND ROES"
302320000,"YELLOWFIN TUNAS (THUNNUS ALBACARES) FRESH OR CHILLED EXCEPT FILLETS LIVERS AND ROES"
302330000,"SKIPJACK TUNA (STRIPE-BELLIED BONITO) (KATSUWONUS PELAMIS) FRESH OR CHILLED EXCLUDING FISH FILLETS AND OTHER FISH MEAT OF HEADING 0304"
302340000,"BIGEYE TUNAS (THUNNUS OBESUS) FRESH OR CHILLED EXCEPT FILLETS LIVERS AND ROES"
302350100,"ATLANTIC AND PACIFIC BLUEFIN TUNAS (THUNNUS THYNNUS THUNNUS ORIENTALIS) FRESH OR CHILLED EXCEPT FILLETS LIVERS AND ROES"
302360000,"SOUTHERN BLUEFIN TUNAS (THUNNUS MACCOYII) FRESH OR CHILLED EXCEPT FILLETS LIVERS AND ROES"
302390200,"TUNAS (OF GENUS THUNNUS) FRESH OR CHILLED EXCEPT FILLETS LIVERS AND ROES NESOI"
302410000,"HERRINGS (CLUPEA HARENGUS CLUPEA PALLASII) FRESH OR CHILLED EXCEPT FILLETS LIVERS AND ROES"
302420000,"ANCHOVIES FRESH OR CHILLED EXCLUDING LIVERS ROES FILLETS AND OTHER FISH MEAT OF HEADING 0304"
302430000,"SARDINES (SARDINA PILCHARDUS SARDINOPS SPP.) SARDINELLA (SARDINELLA SPP.) BRISLING OR SPRATS (SPRATTUS SPRATTUS) FR/CH EXCEPT FILLET LIVER ROE"
302440000,"MACKEREL (SCOMBER SCOMBRUS SCOMBER AUSTRALASICUS SCOMBER JAPONICUS) FRESH OR CHILLED EXCEPT FILLETS LIVERS AND ROES"
302451100,"JACK AND HORSE MACKEREL  FRESH/CHILLED SCALED IN IMMEDIATE CONTAINERS WEIGHING WITH THEIR CONTENTS 6.8 KG OR LESS EXCEPT FILLETS LIVERS AND ROES"
302455000,"JACK AND HORSE MACKEREL FRESH OR CHILLED EXCLUDING LIVERS ROES FILLETS AND OTHER FISH MEAT OF HEADING 0304"
302461100,"COBIA FRESH OR CHILLED SCALED IN IMMEDIATE CONTAINERS WEIGHING WITH THEIR CONTENTS 6.8 KG OR LESS EXCEPT FILLETS LIVERS AND ROES"
302465000,"COBIA FRESH OR CHILLED EXCLUDING LIVERS ROES FILLETS AND OTHER FISH MEAT OF HEADING 0304 NESOI"
302470010,"SWORDFISH STEAKS FRESH OR CHILLED EXCEPT FILLETS LIVERS AND ROES NESOI"
302470090,"SWORDFISH FRESH OR CHILLED EXCEPT SWORDFISH STEAKS FILLETS LIVERS AND ROES NESOI"
302490000,"INDIAN MACKRLSSEERFISHES JACKS CREVALLES SILVER POMFRETS PACIFIC SAURYSCADSCAPELINKAWAKAWA BONITOSMARLINSSAILFISHESSPEARFISHFRESH/CHILLED"
302510010,"ATLANTIC COD (GADUS MORHUA) FRESH OR CHILLED EXCEPT FILLETS LIVERS AND ROES"
302510090,"COD (GADUS OGAC GADUS MACROCEPHALUS) FRESH OR CHILLED EXCEPT ATLANTIC COD FILLETS LIVERS AND ROES"
302520000,"HADDOCK (MELANOGRAMMUS AEGLEFINUS) FRESH OR CHILLED EXCEPT FILLETS LIVERS AND ROES"
302545000,"HAKE FRESH OR CHILLED EXCEPT FILLETS LIVERS AND ROES NESOI"
302555000,"ALASKA POLLOCK FRESH OR CHILLED EXCLUDING LIVERS ROES FILLETS AND OTHER FISH MEAT OF HEADING 0304 NESOI"
302591100,"FISH OF FAMILES BREGMACEROTIDAE ETC; FR/CH SCALED IN CONTAINERS WEIGHING WITH THEIR CONTENTS 6.8 KG OR LESS EXCEPT FILLETS LIVERS AND ROES NESOI"
302595010,"POLLOCK FRESH OR CHILLED EXCEPT ALANTIC POLLOCK EXCEPT FILLETS LIVERS AND ROES NESOI"
302595090,"FISH OF FAMILIES BREGMACEROTIDAE ETC; FRESH OR CHILLED EXCLUDING LIVERS ROES FILLETS AND OTHER FISH MEAT OF HEADING 0304 NESOI"
302711100,"TILAPIAS FRESH OR CHILLED SCALED IN IMMEDIATE CONTAINERS WEIGHING WITH THEIR CONTENTS 6.8 KG OR LESS EXCEPT FILLETS LIVERS AND ROES"
302715000,"TILAPIAS FRESH OR CHILLED EXCEPT FILLETS LIVERS AND ROES NESOI"
302725034,"CATFISH FRESH OR CHILLED EXCEPT FILLETS LIVERS AND ROES NESOI"
302735000,"CARP FRESH OR CHILLED EXCLUDING LIVERS ROES FILLETS AND OTHER FISH MEAT OF HEADING 0304 NESOI"
302740000,"EELS (ANGUILLA SPP.) FRESH OR CHILLED EXCEPT FILLETS LIVERS AND ROES"
302795025,"NILE PERCH FRESH OR CHILLED EXCEPT FILLETS LIVERS AND ROES"
302795076,"SNAKEHEADS FRESH OR CHILLED EXCLUDING LIVERS ROES FILLETS AND OTHER FISH MEAT OF HEADING 0304 NESOI"
302810091,"SHARKS FRESH OR CHILLED EXCEPT DOGFISH FILLETS LIVERS AND ROES"
302820000,"RAYS AND SKATES FRESH OR CHILLED EXCLUDING LIVERS ROES FILLETS AND OTHER FISH MEAT OF HEADING 0304 NESOI"
302830000,"TOOTHFISH (DISSOSTICHUS SPP.) FRESH OR CHILLED EXCLUDING FILLETS LIVERS AND ROES"
302841100,"SEABASS FRESH OR CHILLED SCALED IN IMMEDIATE CONTAINERS WEIGHING WITH THEIR CONTENTS 6.8 KG OR LESS EXCEPT FILLETS LIVERS AND ROES"
302845000,"SEABASS FRESH OR CHILLED EXCLUDING LIVERS ROES FILLETS AND OTHER FISH MEAT OF HEADING 0304 NESOI"
302851100,"SEABREAM (SPARIDAE) FRESH OR CHILLED SCALED IN IMMEDIATE CONTAINERS WEIGHING WITH THEIR CONTENTS 6.8 KG OR LESS EXCEPT FILLETS LIVERS AND ROES"
302855000,"SEABREAM FRESH OR CHILLED EXCLUDING LIVERS ROES FILLETS AND OTHER FISH MEAT OF HEADING 0304 NESOI"
302891120,"SABLE FISH (ANOPLOPOMA FIMBRIA) FRESH OR CHILLED SCALED IN IMMEDIATE CONTAINERS WEIGHING WITH CONTENTS 6.8 KG OR LESS EXCEPT FILLETS LIVERS ROES"
302891140,"FISH FRESH OR CHILLED SCALED IN IMMEDIATE CONTAINERS WEIGHING WITH THEIR CONTENTS 6.8 KG OR LESS EXCEPT FILLETS LIVERS AND ROES NESOI"
302895007,"PIKE FRESH OR CHILLED EXCEPT FILLETS LIVERS AND ROES NESOI"
302895010,"PICKEREL FRESH OR CHILLED EXCEPT FILLETS LIVERS AND ROES NESOI"
302895013,"PIKE PERCH (INCLUDING YELLOW PIKE) FRESH OR CHILLED EXCEPT FILLETS LIVERS AND ROES NESOI"
302895025,"PERCH (EXCEPT PIKE OR NILE PERCH) FRESHWATER FRESH OR CHILLED EXCEPT FILLETS LIVERS AND ROES NESOI"
302895028,"BASS FRESHWATER FRESH OR CHILLED EXCEPT FILLETS LIVERS AND ROES NESOI"
302895031,"WHITEFISH FRESHWATER FRESH OR CHILLED EXCEPT FILLETS LIVERS AND ROES NESOI"
302895034,"FISH FRESHWATER FRESH OR CHILLED EXCEPT FILLETS LIVERS AND ROES NESOI"
302895037,"SMELTS FRESH OR CHILLED EXCEPT FILLETS LIVERS AND ROES NESOI"
302895049,"SHAD AND STURGEON FRESH OR CHILLED EXCEPT FILLETS LIVERS AND ROES NESOI"
302895052,"SABLE FISH (ANOPLOPOMA FIMBRIA) FRESH OR CHILLED EXCEPT FILLETS LIVERS AND ROES NESOI"
302895055,"OCEAN PERCH FRESH OR CHILLED EXCEPT FILLETS LIVERS AND ROES NESOI"
302895058,"SNAPPER (LUTJANIDAE SPP.) FRESH OR CHILLED EXCEPT FILLETS LIVERS AND ROES NESOI"
302895061,"GROUPER FRESH OR CHILLED EXCEPT FILLETS LIVERS AND ROES NESOI"
302895064,"LINGCOD (OPHIODON ELONGATUS) FRESH OR CHILLED EXCEPT FILLETS LIVERS AND ROES NESOI"
302895067,"MONKFISH (LOPHIUS SPP.) FRESH OR CHILLED EXCLUDING FILLETS LIVERS AND ROES"
302895072,"DOLPHIN FISH (MAHI MAHI) (CORYPHAENA SPP.) FRESH OR CHILLED EXCLUDING LIVERS ROES FILLETS AND OTHER FISH MEAT OF HEADING 0304 NESOI"
302895077,"FISH FRESH OR CHILLED OTHER THAN FRESHWATER EXCLUDING LIVERS ROES FILLETS AND OTHER FISH MEAT OF HEADING 0304 NESOI"
302914010,"MULLET ROE FRESH OR CHILLED"
302914090,"FISH LIVERS AND ROES FRESH OR CHILLED NESOI"
302920000,"SHARK FINS FRESH OR CHILLED EXCEPT FILLETS"
302990000,"OTHER EDIBLE FISH OFFAL FRESH OR CHILLED NESOI"
303110000,"SOCKEYE (RED) SALMON (ONCORHYNCHUS NERKA) FROZEN EXCEPT FILLETS LIVERS AND ROES"
303120012,"CHINOOK (KING) SALMON (ONCORHYNCHUS TSCHAWYTSCHA) FROZEN EXCEPT FILLETS LIVERS AND ROES"
303120022,"CHUM (DOG) SALMON (ONCORHYNCHUS KETA) FROZEN EXCEPT FILLETS LIVERS AND ROES"
303120032,"PINK (HUMPIE) SALMON (ONCORHYNCHUS GORBUSCHA) FROZEN EXCEPT FILLETS LIVERS AND ROES"
303120052,"COHO (SILVER) SALMON (ONCORHYNCHUS KISUTCH) FROZEN EXCEPT FILLETS LIVERS AND ROES"
303120062,"PACIFIC SALMON (ONCORHYNCHUS MASOU ONCORHYNCHUS RHODURUS) FROZEN EXCEPT FILLETS LIVERS AND ROES NESOI"
303130000,"ATLANTIC SALMON (SALMO SALAR) AND DANUBE SALMON (HUCHO HUCHO) FROZEN EXCEPT FILLETS LIVERS AND ROES"
303140000,"TROUT (SALMO TRUTTA; ONCORHYNCHUS MYKISS CLARKI AGUABONITA GILAE APACHE AND CHRYSOGASTER) FROZEN EXCEPT FILLETS LIVERS AND ROES"
303190100,"SALMONIDAE FROZEN EXCEPT FILLETS LIVERS AND ROES NESOI"
303230000,"TILAPIA (OREOCHROMIS SPP.) FROZEN EXCEPT FILLETS LIVERS AND ROES"
303240010,"ICTALURUS SPP FROZEN EXCEPT FILLETS LIVERS AND ROES NESOI"
303240020,"PANGASIUS SPP INCLUDING BASA AND TRA FROZEN EXCEPT FILLETS LIVERS AND ROES"
303240050,"CATFISH (SILURUS SPP. OR CLARIAS SPP.) FROZEN EXCEPT FILLETS LIVERS AND ROES NESOI"
303250100,"CARP FROZEN EXCEPT FILLETS LIVERS AND ROES"
303260000,"EELS (ANGUILLA SPP.) FROZEN EXCEPT FILLETS LIVERS AND ROES"
303290110,"NILE PERCH FROZEN EXCEPT FILLETS LIVERS AND ROES"
303290150,"SNAKEHEADS FROZEN EXCEPT FILLETS LIVERS AND ROES"
303310010,"ATLANTIC HALIBUT (HIPPOGLOSSUS HIPPOGLOSSUS) FROZEN EXCEPT FILLETS LIVERS AND ROES"
303310020,"PACIFIC HALIBUT (HIPPOGLOSSUS STENOLEPIS) FROZEN EXCEPT FILLETS LIVERS AND ROES"
303310030,"GREENLAND TURBOT (GREENLAND HALIBUT; REINHARDTIUS HIPPOGLOSSOIDES) FROZEN EXCEPT FILLETS LIVERS AND ROES"
303320000,"PLAICE (PLEURONECTES PLATESSA) FROZEN EXCEPT FILLETS LIVERS AND ROES"
303330000,"SOLE (SOLEA SPP.) FROZEN EXCEPT FILLETS LIVERS AND ROES"
303340000,"TURBOTS FROZEN EXCEPT FILLETS LIVERS AND ROES"
303390110,"FLOUNDER FROZEN EXCEPT FILLETS LIVERS AND ROES NESOI"
303390120,"ROCK SOLE (PLEURONECTES BILINEATUS) FROZEN EXCEPT FILLETS LIVERS AND ROES"
303390130,"YELLOWFIN SOLE (PLEURONECTES ASPER) FROZEN EXCEPT FILLETS LIVERS AND ROES"
303390195,"FLAT FISH FROZEN EXCEPT FILLETS LIVERS AND ROES NESOI"
303410000,"ALBACORE OR LONGFINNED TUNAS (THUNNUS ALALUNGA) FROZEN EXCEPT FILLETS LIVERS AND ROES"
303420020,"YELLOWFIN TUNAS (THUNNUS ALBACARES) WHOLE FROZEN"
303420060,"YELLOWFIN TUNAS (THUNNUS ALBACARES) FROZEN EXCEPT WHOLE HEAD-ON FILLETS LIVERS AND ROES"
303430000,"SKIPJACK TUNA (STRIPE-BELLIED BONITO) (KATSUWONUS PELAMIS) FROZEN EXCLUDING FISH FILLETS AND OTHER FISH MEAT OF HEADING 0304"
303440000,"BIGEYE TUNAS (THUNNUS OBESUS) FROZEN EXCEPT FILLETS LIVERS AND ROES"
303450110,"BLUEFIN TUNAS (THUNNUS THYNNUS) FROZEN EXCEPT FILLETS LIVERS AND ROES"
303450150,"THUNNUS ORIENTALIS (PACIFIC BLUEFIN TUNA) FROZEN EXCEPT FILLETS LIVERS AND ROES"
303460000,"SOUTHERN BLUEFIN TUNAS (THUNNUS MACCOYII) FROZEN EXCEPT FILLETS LIVERS AND ROES"
303490200,"TUNAS (OF THE GENUS THUNNUS) FROZEN EXCEPT FILLETS LIVERS AND ROES NESOI"
303510000,"HERRINGS (CLUPEA HARENGUS CLUPEA PALLASII) FROZEN EXCEPT FILLETS LIVERS AND ROES"
303530000,"SARDINES (SARDINA PILCHARDUS SARDINOPS SPP.) SARDINELLA (SARDINELLA SPP.) BRISLING OR SPRATS (SPRATTUS SPRATTUS) FRZN EXCEPT FILLET LIVER AND ROE"
303540000,"MACKEREL (SCOMBER SCOMBRUS SCOMBER AUSTRALASICUS SCOMBER JAPONICUS) FROZEN EXCEPT FILLETS LIVERS AND ROES"
303550000,"JACK AND HORSE MACKEREL FROZEN EXCEPT FILLETS LIVERS AND ROES"
303560000,"COBIA FROZEN EXCEPT FILLETS LIVERS AND ROES"
303570010,"SWORDFISH STEAKS FROZEN EXCEPT FILLETS"
303570090,"SWORDFISH FROZEN EXCEPT STEAKS FILLETS LIVERS AND ROES"
303590000,"FISH FROZEN EXCEPT FILLETS LIVERS AND ROES HERRINGS (CLUPEA HARENGUS CLUPEA PALLASII)"
303630010,"ATLANTIC COD (GADUS MORHUA) FROZEN EXCEPT FILLETS LIVERS AND ROES"
303630090,"COD (GADUS OGAC GADUS MACROCEPHALUS) FROZEN EXCEPT ATLANTIC FILLETS LIVERS AND ROES"
303640000,"HADDOCK (MELANOGRAMMUS AEGLEFINUS) FROZEN EXCEPT FILLETS LIVERS AND ROES"
303650000,"ATLANTIC POLLOCK (POLLACHIUS VIRENS) FROZEN EXCEPT FILLETS LIVERS AND ROES"
303660000,"WHITING (MERLUCCIUS SPP.) AND HAKE (UROPHYCIS SPP.) FROZEN EXCEPT FILLETS LIVERS AND ROES"
303670000,"ALASKA POLLOCK (THERAGRA CHALCOGRAMMA) FROZEN EXCLUDING LIVERS ROES FILLETS AND OTHER FISH MEAT OF HEADING 0304"
303680000,"BLUE WHITINGS FROZEN EXCEPT FILLETS LIVERS AND ROES"
303690000,"FISH OF FAMILIES BREGMAVEROTIDAE EUCLICHTHYIDAE GADIDAE ETC; FROZEN EXCEPT FILLETS LIVERS AND ROES NESOI"
303810011,"DOGFISH (SQUALUS SPP.) FROZEN EXCEPT FILLETS LIVERS AND ROES"
303810091,"SHARKS FROZEN EXCEPT DOGFISH FILLETS LIVERS AND ROES"
303820000,"RAYS AND SKATES FROZEN EXCEPT FILLETS LIVERS AND ROES"
303830000,"TOOTHFISH (DISSOSTICHUS SPP.) FROZEN EXCLUDING FISH FILLETS LIVERS AND ROES"
303840000,"SEA BASS (DICENTRARCHUS LABRAX DICENTRARCHUS PUNCTATUS) FROZEN EXCEPT FILLETS LIVERS AND ROES"
303890001,"SEA SMELTS FROZEN EXCEPT FILLETS LIVERS AND ROES"
303890004,"SMELTS FROZEN EXCEPT FILLETS LIVERS AND ROES"
303890013,"SHAD AND STURGEON FROZEN EXCEPT FILLETS LIVERS AND ROES"
303890028,"PIKE AND PICKEREL FROZEN EXCEPT FILLETS LIVERS AND ROES"
303890031,"PERCH AND PIKE PERCH (INCLUDING YELLOW PIKE) FROZEN EXCEPT FILLETS LIVERS AND ROES"
303890037,"WHITEFISH FRESH WATER FROZEN EXCEPT FILLETS LIVERS AND ROES"
303890040,"TILAPIA OTHER THAN OREOCHROMIS SPP. FROZEN EXCEPT FILLETS LIVERS AND ROES"
303890043,"FISH FRESHWATER FROZEN EXCEPT FILLETS LIVERS AND ROES NESOI"
303890046,"AKTA MACKEREL FROZEN EXCEPT FILLETS LIVERS AND ROES"
303890049,"MULLET FROZEN EXCEPT FILLETS LIVERS AND ROES"
303890052,"MONKFISH (LOPHIUS SPP.) FROZEN EXCEPT FILLETS LIVERS AND ROES"
303890055,"BUTTERFISH FROZEN EXCEPT FILLETS LIVERS AND ROES"
303890058,"CAPELIN FROZEN EXCEPT FILLETS LIVERS AND ROES"
303890061,"SABLE FISH (ANOPLOPOMA FIMBRIA) FROZEN EXCEPT FILLETS LIVERS AND ROES"
303890064,"OCEAN PERCH FROZEN EXCEPT FILLETS LIVERS AND ROES"
303890067,"SNAPPER (LUTJANIDAE SPP.) FROZEN EXCEPT FILLETS LIVERS AND ROES"
303890070,"GROUPER FROZEN EXCEPT FILLETS LIVERS AND ROES"
303890080,"FISH FROZEN EXCEPT FILLETS LIVERS AND ROES NESOI"
303914020,"HERRING ROE FROZEN"
303914040,"SALMON ROE FROZEN"
303914050,"ALASKAN POLLOCK (THERAGRA CHALCOGRAMMA) ROES FROZEN"
303914060,"MULLET ROE FROZEN"
303914095,"FISH LIVERS AND ROES FROZEN NESOI"
303920000,"SHARK FINS FROZEN EXCEPT FILLETS"
303990000,"OTHER EDIBLE FISH OFFAL FROZEN NESOI"
304310000,"TILAPIA (OREOCHROMIS) FILLETS FRESH OR CHILLED"
304320010,"ICTALURUS SPP FILLETS FRESH OR CHILLED"
304320020,"PANGASIUS SPP INCLUDING BASA AND TRA FILLETS FRESH OR CHILLED"
304320090,"CATFISH (SILURUS OR CLARIAS) FILLETS FRESH OR CHILLED"
304330000,"NILE PERCH FILLETS FRESH OR CHILLED"
304390000,"CARP EEL OR SNAKEHEAD FILLETS FRESH OR CHILLED"
304410010,"ATLANTIC SALMON (SALMO SALAR) FILLETS FARMED FRESH OR CHILLED"
304410020,"ATLANTIC SALMON (SALMO SALAR) FILLETS FRESH OR CHILLED EXCEPT FARMED"
304410090,"PACIFIC SALMON AND DANUBE SALMON FILLETS FRESH OR CHILLED"
304420000,"TROUT FILLETS FRESH OR CHILLED"
304430010,"SOLE FILLETS FRESH OR CHILLED"
304430015,"PLAICE FILLETS FRESH OR CHILLED"
304430020,"FLOUNDER FILLETS FRESH OR CHILLED"
304430025,"GREENLAND TURBOT (GREENLAND HALIBUT; REINHARDTIUS HIPPOGLOSSOIDES) FILLETS FRESH OR CHILLED"
304430090,"FLATFISH FILLETS FRESH OR CHILLED NESOI"
304440010,"ATLANTIC COD FILLETS FRESH OR CHILLED"
304440015,"COD FILLETS FRESH OR CHILLED EXCEPT ATLANTIC COD"
304440020,"HADDOCK FILLETS FRESH OR CHILLED"
304440025,"POLLOCK FILLETS FRESH OR CHILLED"
304440030,"HAKE FILLETS FRESH OR CHILLED"
304440090,"FISH OF THE FAMILIES BREGMACEROTIDAE EUCLICHTHYIDAE GADIDAE MAROURIDAE MELANONIDAE ETC. FILLETS FRESH OR CHILLED NESOI"
304450000,"SWORDFISH (XIPHIAS GLADIUS) FILLETS FRESH OR CHILLED"
304460000,"TOOTHFISH (DISSOSTICHUS SPP) FILLETS FRESH OR CHILLED"
304470000,"DOGFISH FILLETS AND OTHER SHARK FILLETS FRESH OR CHILLED"
304490103,"PIKE FILLETS FRESH OR CHILLED"
304490106,"PICKEREL FILLETS FRESH OR CHILLED"
304490109,"WHITEFISH FILLETS FRESHWATER FRESH OR CHILLED"
304490112,"TILAPIA OTHER THAN OREOCHROMIS FILLETS FRESH OR CHILLED"
304490115,"FRESHWATER FISH FILLETS FRESH OR CHILLED NESOI"
304490120,"ATLANTIC OCEAN PERCH FILLETS FRESH OR CHILLED"
304490125,"CUSK FILLETS FRESH OR CHILLED"
304490190,"FISH FILLETS FRESH OR CHILLED NESOI"
304510120,"NILE PERCH MEAT OTHER THAN FILLETS FRESH OR CHILLED"
304510125,"TILAPIA (OREOCHROMIS) MEAT OTHER THAN FILLETS FRESH OR CHILLED"
304510190,"TILAPIAS CATFISH CARP EELS NILE PERCH SNAKEHEADS OTHER THAN FILLETS FRESH OR CHILLED"
304520010,"ATLANTIC SALMON (SALMO SALAR) MEAT OTHER THAN FILLETS FARMED FRESH OR CHILLED"
304520015,"ATLANTIC SALMON (SALMO SALAR) MEAT OTHER THAN FILLETS FRESH OR CHILLED EXCEPT FARMED"
304520020,"SALMON (OTHER THAN ATLANTIC SLAMON) MEAT OTHER THAN FILLETS FRESH OR CHILLED"
304520090,"SALMONIDAE MEAT OTHER THAN FILLETS FRESH OR CHILLED NESOI"
304530010,"ATLANTIC COD MEAT OTHER THAN FILLETS FRESH OR CHILLED"
304530015,"COD MEAT OTHER THAN FILLETS FRESH OR CHILLED EXCEPT ATLANTIC COD"
304530020,"HADDOCK MEAT OTHER THAN FILLETS FRESH OR CHILLED"
304530025,"POLLOCK MEAT OTHER THAN FILLETS FRESH OR CHILLED"
304530090,"FISH OF THE FAMILIES BREGMACEROTIDAE EUCLICHTHYIDAE GADIDAE MAROURIDAE MELANONIDAE ETC. MEAT OTHER THAN FILLETS FRESH OR CHILLED NESOI"
304540000,"SWORDFISH (XIPHIAS GLADIUS) FISH MEAT OTHER THAN FILLETS FRESH OR CHILLED NES"
304550000,"TOOTHFISH (DISSOSTICHUS SPP) FRESH OR CHILLED EXCLUDING FILLETS"
304590003,"YELLOW PERCH FILLETS AND OTHER MEAT FRESH OR CHILLED"
304590006,"PIKE PERCH (INCLUDING YELLOW PIKE) FILLETS AND OTHER MEAT FRESH OR CHILLED"
304590009,"PERCH MEAT OTHER THAN FILLETS FRESHWATER FRESH OR CHILLED EXCEPT YELLOW OR PIKE"
304590020,"PICKEREL MEAT OTHER THAN FILLETS FRESH OR CHILLED"
304590025,"WHITEFISH MEAT OTHER THAN FILLETS FRESH OR CHILLED"
304590030,"TILAPIA OTHER THAN OREOCHROMIS MEAT OTHER THAN FILLETS FRESH OR CHILLED"
304590036,"FRESHWATER FISH MEAT OTHER THAN FILLETS FRESH OR CHILLED NESOI"
304590040,"SOLE MEAT OTHER THAN FILLETS FRESH OR CHILLED"
304590045,"PLAICE MEAT OTHER THAN FILLETS FRESH OR CHILLED"
304590050,"FLOUNDER MEAT OTHER THAN FILLETS FRESH OR CHILLED"
304590055,"GREENLAND TURBOT (GREENLAND HALIBUT; REINHARDTIUS HIPPOGLOSSOIDES) MEAT OTHER THAN FILLETS FRESH OR CHILLED"
304590061,"FLATFISH MEAT (OTHER THAN FILLETS) FRESH OR CHILLED NESOI"
304590065,"ATLANTIC OCEAN PERCH MEAT OTHER THAN FILLETS FRESH OR CHILLED"
304590070,"CUSK MEAT OTHER THAN FILLETS FRESH OR CHILLED"
304590091,"FISH MEAT OTHER THAN FILLETS FRESH OR CHILLED NOT FRESHWATER NESOI"
304610000,"TILAPIA FILLETS FROZEN"
304620010,"ICTALURUS SPP FILLETS FROZEN"
304620020,"PANGASIUS SPP INCLUDING BASA AND TRA FILLETS FROZEN"
304620030,"SILURIFORMES FILLETS FROZEN NESOI"
304620090,"CLARIAS SPP FILLETS FROZEN"
304630000,"NILE PERCH FILLETS FROZEN"
304690000,"CARP EELS AND SNAKEHEAD FILLETS FROZEN"
304711000,"COD FILLETS SKINNED FROZEN BLOCKS WEIGHING OVER 4.5 KG EACH TO BE MINCED GROUND OR CUT INTO PIECES OF UNIFORM WEIGHTS AND DIMENSIONS"
304715000,"COD (GADUS MORHUA GADUS OGAC GADUS MACROCEPHALUS) FILLETS FROZEN"
304721000,"HADDOCK FILLETS SKINNED FROZEN BLOCKS WEIGHING OVER 4.5 KG EACH IMPORTED TO BE MINCED GROUND OR CUT INTO PIECES OF UNIFORM WEIGHTS AND DIMENSIONS"
304725000,"HADDOCK FILLETS FROZEN NESOI"
304735000,"POLLOCK FILLETS FROZEN EXCEPT ALASKA POLLOCK NESOI"
304741000,"HAKE FILLETS SKINNED FROZEN BLOCKS WEIGHING OVER 4.5 KG EACH TO BE MINCED GROUND OR CUT INTO PIECES OF UNIFORM WEIGHTS AND DIMENSIONS"
304745000,"HAKE (UROPHYCIS SPP.) FILLETS FROZEN NESOI"
304751000,"ALASKA POLLOCK (THERAGRA CHALCOGRAMMA) FILLETS SKINNED FROZEN BLOCKS WEIGHING OVER 4.5 KG EACH TO BE MINCED GROUND OR CUT INTO PIECES ETC"
304755000,"ALASKA POLLOCK (THERAGRA CHALCOGRAMMA) FILLETS FROZEN NESOI"
304791010,"POLLOCK FILLETS SKINNED FROZEN BLOCKS WGT OVER 4.5 KG EA TO BE MINCED GROUND OR CUT INTO PIECES OF UNIFORM WEIGHTS & DIMENSIONS NESOI"
304791015,"WHITING FILLETS (MERLUCCIUS SPP.) SKINNED FROZEN BLOCKS WEIGHING OVER 4.5 KG EACH TO BE MINCED GROUND OR CUT INTO PIECES OF UNIFORM WEIGHTS ETC"
304791090,"FISH FILLETS OF BREGMACEROTIDAE ETC SKIND FZWEIGHING OVER 4.5 KG EACH TO BE MINCED GRD OR CUT INTO PIECES OF UNIFORM WEIGHTS AND DIMENSIONSNES"
304795000,"FROZEN FISH FILLETS OF THE FAMILIES BREGMACEROTIDAE EUCLICHTHYIDAE GADIDAE MACROURIDAE MELANONIDAE MERLUCCIIDAEMORIDAE & MURAENOLEPIDIDAE NESOI"
304811000,"PACIFIC ATLANTIC & DANUBE SALMON FILLETSSKINNEDFZWGT OVER 4.5 KG EACHTO BE MINCED GROUND OR CUT TO PIECES OF UNIFORM WEIGHTS & DIMENSIONS NESOI"
304815010,"ATLANTIC SALMONIDAE (SALMO SALAR) FILLETS FROZEN NESOI"
304815090,"SALMONIDAE FILLETS FROZEN EXCEPT ATLANTIC SALMON NESOI"
304821000,"TROUT FILLETS SKINNED FROZEN BLOCKS WEIGHING OVER 4.5 KG EACH TO BE MINCED GROUND OR CUT INTO PIECES OF UNIFORM WEIGHTS AND DIMENSIONS"
304825000,"TROUT FILLETS FROZEN NESOI"
304831010,"GREENLAND TURBOT (GREENLAND HALIBUT; REINHARDTIUS HIPPOGLOSSOIDES) FILLETS SKINNED FROZEN BLOCKS WEIGHING OVER 4.5 KG EACH TO BE MINCED GROUND ETC"
304831015,"SOLE FILLETS SKINNED FROZEN BLOCKS WEIGHING OVER 4.5 KG EACH IMPORTED TO BE MINCED GROUND OR CUT INTO PIECES OF UNIFORM WEIGHTS AND DIMENSIONS"
304831020,"FLOUNDER FILLETS SKINNED FROZEN BLOCKS WEIGHING OVER 4.5 KG EACH IMPORTED TO BE MINCED GROUND OR CUT INTO PIECES OF UNIFORM WEIGHTS AND DIMENSIONS"
304831025,"HALIBUT FILLETS SKINNED FROZEN BLOCKS OVER 4.5 KG TO BE MINCED GROUND OR CUT INTO PIECES OF UNIFORM WEIGHTS & DIMENSIONS EXCEPT GREENLAND HALIBUT"
304831030,"TURBOT FILLETS SKINNED FROZEN BLOCKS OVER 4.5 KG TO BE MINCED GROUND OR CUT INTO PIECES OF UNIFORM WEIGHTS AND DIMENSIONS EXCEPT GREENLAND TURBOT"
304831090,"FLATFISH FILLETS SKINNED FROZEN BLOCKS WEIGHING OVER 4.5 KG EACH TO BE MINCED GROUND OR CUT INTO PIECES OF UNIFORM WEIGHTS AND DIMENSIONS NESOI"
304835010,"GREENLAND TURBOT (GREENLAND HALIBUT; REINHARDTIUS HIPPOGLOSSOIDES) FILLETS FROZEN NESOI"
304835015,"SOLE FILLETS FROZEN NESOI"
304835020,"FLOUNDER FILLETS FROZEN NESOI"
304835025,"HALIBUT FILLETS FROZEN EXCEPT GREENLAND HALIBUT NESOI"
304835030,"TURBOT FILLETS FROZEN EXCEPT GREENLAND FILLETS NESOI"
304835090,"FLATFISH FILLETS FROZEN NESOI"
304840000,"SWORDFISH (XIPHIAS GLADIUS) FILLETS FROZEN"
304850000,"TOOTHFISH (DISSOSTICHUS SPP.) FILLETS FROZEN"
304860000,"HERRING FILLETS FROZEN"
304870000,"SKIPJACK TUNA (STRIPE-BELLIED BONITO) (KATSUWONUS PELAMIS) FILLETS AND OTHER FISH MEAT WHETHER OR NOT MINCED FRESH CHILLED OR FROZEN"
304880000,"DOGFISH OTHER SHARKS RAYS AND SKATES (RAJIDAE) FILLETS FROZEN"
304891015,"PICKEREL FILLETS SKINNED FROZEN BLOCKS OVER 4.5 KG EACH TO BE MINCED GROUND OR CUT INTO PIECES OF UNIFORM WEIGHTS AND DIMENSIONS"
304891025,"ATLANTIC OCEAN PERCH (ROSEFISH) FILLETS SKINNED BLOCKS WEIGHING OVER 4.5 KG TO BE MINCED GROUND OR CUT INTO PIECES OF UNIFORM WEIGHTS & DIMENSIONS"
304891030,"OCEAN PERCH FILLETS SKINNED FROZEN BLOCKS WEIGHING OVER 4.5 KG EACH TO BE MINCED GROUND OR CUT INTO PIECES OF UNIFORM WEIGHTS & DIMENSIONS NESOI"
304891035,"PERCH FILLETS SKINNED & FROZEN IN BLOCKS EACH GT 4.5 KG TO BE MINCED GROUND OR CUT INTO PIECES OF UNIFORM WEIGHT & DIMENSION NESOI"
304891090,"FISH FILLETS SKINNED FROZEN BLOCKS WEIGHING OVER 4.5 KG EACH TO BE MINCED GROUND OR CUT INTO PIECES OF UNIFORM WEIGHTS AND DIMENSIONS NESOI"
304895003,"YELLOW PERCH FILLETS FROZEN NESOI"
304895006,"PIKE PERCH (INCLUDING YELLOW PIKE) FILLETS FROZEN NESOI"
304895009,"PERCH FILLETS FROZEN FRESHWATER NESOI"
304895015,"PICKEREL FILLETS FROZEN NESOI"
304895020,"PIKE FILLETS FROZEN NESOI"
304895025,"SAUGER FILLETS FROZEN NESOI"
304895030,"FRESHWATER FISH FILLETS FROZEN NESOI"
304895035,"ATLANTIC OCEAN PERCH (ROSEFISH) FILLETS FROZEN NESOI"
304895040,"OCEAN PERCH FILLETS FROZEN EXCEPT ATLANTIC OCEAN PERCH NESOI"
304895050,"ORANGE ROUGHY (HOPLOSTETHUS ATLANTICUS) FILLETS FROZEN NESOI"
304895055,"DOLPHIN FISH (MAHI MAHI; CORYPHAENA SPP.) FILLETS FROZEN NESOI"
304895060,"CUSK FILLETS FROZEN NESOI"
304895091,"FISH FILLETS FROZEN NESOI"
304911000,"SWORDFISH FROZEN IN BULK OR IN IMMEDIATE CONTAINERS WEIGHING WITH THEIR CONTENTS OVER 6.8 KG EACH"
304919000,"SWORDFISH FROZEN NESOI"
304921000,"TOOTHFISH FROZEN IN BULK OR IN IMMEDIATE CONTAINERS WEIGHING WITH THEIR CONTENTS OVER 6.8 KG EACH"
304929000,"TOOTHFISH FROZEN NESOI"
304931090,"TILAPIA CATFISH CARP EELS NILE PERCH & SKHD MEAT FROZEN IN BULK OR IN IMMEDIATE CONTAINERS WEIGHING WITH THEIR CONTENTS OVER 6.8 KG EACH NESOI"
304939000,"TILAPIA CATFISH CARP EELS NILE PERCH AND SNAKEHEAD FISH MEAT FROZEN NESOI"
304941005,"SURIMI OF ALASKA POLLOCK FROZEN IN BULK OR IN IMMEDIATE CONTAINERS WEIGHING WITH THEIR CONTENTS OVER 6.8 KG EACH"
304941010,"ALASKA POLLOCK MINCED (OTHER THAN SURIMI) FROZEN IN BULK OR IN IMMEDIATE CONTAINERS WEIGHING WITH THEIR CONTENTS OVER 6.8 KG EACH"
304941090,"ALASKA POLLOCK MEAT FROZEN IN BULK OR IN IMMEDIATE CONTAINERS WEIGHING WITH THEIR CONTENTS OVER 6.8 KG EACH NOT MINCED"
304951010,"COD MEAT MINCED FROZEN IN BULK OR IN IMMEDIATE CONTAINERS WEIGHING WITH THEIR CONTENTS OVER 6.8 KG EACH"
304951015,"FISH OF FAMILIES BREGMACEROTIDAE EUCLICHTHYIDAE ETC. MINCED FROZEN IN BULK OR IN CONTAINERS WEIGHING WITH THEIR CONTENTS OVER 6.8 KG EACH NESOI"
304951020,"COD MEAT FROZEN IN BULK OR IN IMMEDIATE CONTAINERS WEIGHING WITH THEIR CONTENTS OVER 6.8 KG EACH NOT MINCED"
304951025,"HADDOCK MEAT FROZEN  IN BULK OR IN IMMEDIATE CONTAINERS WEIGHING WITH THEIR CONTENTS OVER 6.8 KG EACH NOT MINCED"
304951030,"POLLOCK MEAT FROZEN IN BULK OR IN IMMEDIATE CONTAINERS WEIGHING WITH THEIR CONTENTS OVER 6.8 KG EACH NOT MINCED"
304951090,"FISH OF FAMILIES BREGMACEROTIDAE EUCLICHTHYIDAE ETC. NOT MINCEDFROZENIN BULK OR IN CONTAINERS WEIGHING WITH THEIR CONTENTS OVER 6.8 KG EACH NESOI"
304959000,"FISH MEAT OF FAMILIES BREGMACEROTIDAE EUCLICHTHYIDAE GADIDAE MACROURIDAE MELANONIDAE MERLUCCIIDAE MORIDAE AND MURAENONLEPIDIDAE FROZEN NESOI"
304960000,"DOGFISH AND OTHER SHARKS FROZEN NESOI"
304991104,"SURIMI FROZEN IN BULK OR IN IMMEDIATE CONTAINERS WEIGHING WITH THEIR CONTENTS OVER 6.8 KG EACH EXCEPT ALASKA POLLOCK NESOI"
304991109,"FISH MEAT MINCED FROZEN IN BULK OR IN IMMEDIATE CONTAINERS WEIGHING WITH THEIR CONTENTS OVER 6.8 KG EACH"
304991150,"SOLE MEAT FROZEN IN BULK OR IN IMMEDIATE CONTAINERS WEIGHING WITH THEIR CONTENTS OVER 6.8 KG EACH NOT MINCED"
304991160,"GREENLAND TURBOT (GREENLAND HALIBUT REINHARDTIUS HIPPOGLOSSOIDES) MEAT FROZEN IN BULK OR IMMEDIATE CONTAINERS WEIGHNG W/ CONTENTS OVER 6.8KG NESOI"
304991170,"OCEAN PERCH MEAT FROZEN IN BULK OR IMMEDIATE CONTAINERS WEIGHNG W/ CONTENTS OVER 6.8KG NOT MINCED"
304991182,"PIKE MEAT FROZEN IN BULK OR IN IMMEDIATE CONTAINERS WEIGHING WITH THEIR CONTENTS OVER 6.8 KG EACH NOT MINCED"
304991184,"FRESH-WATER FISH MEAT FROZEN IN BULK OR IN IMMEDIATE CONTAINERS WEIGHING WITH THEIR CONTENTS OVER 6.8 KG EACH NOT MINCED"
304991190,"TUNA IN BULK OR IN IMMEDIATE CONTAINERS WEIGHING WITH THEIR CONTENTS OVER 6.8 KG EACH FROZEN NESOI"
304991194,"OTHER FISH MEAT FROZEN IN BULK OR IN IMMEDIATE CONTAINERS WEIGHING WITH THEIR CONTENTS OVER 6.8 KG EACH NESOI"
304999190,"OCEAN FISH MEAT FROZEN NESOI"
304999192,"FISH MEAT (OTHER THAN OCEAN) FROZEN NESOI"
305102000,"FLOURS MEALS AND PELLETS OF FISH FIT FOR HUMAN CONSUMPTION IN BULK OR IN IMMEDIATE CONTAINERS WEIGHING WITH THEIR CONTENTS OVER 6.8 KG EACH"
305104000,"FLOURS MEALS AND PELLETS OF FISH FIT FOR HUMAN CONSUMPTION IN IMMEDIATE CONTAINERS WEIGHING WITH CONTENTS NOT OVER 6.8 KG EACH"
305202000,"STURGEON ROE DRIED SMOKED SALTED OR IN BRINE"
305204020,"SALMON ROE DRIED SMOKED SALTED OR IN BRINE"
305204040,"HERRING ROE DRIED SMOKED SALTED OR IN BRINE"
305204065,"FISH LIVERS AND ROES DRIED SMOKED SALTED OR IN BRINE NESOI"
305310100,"TILAPIA CATFISH CARP EEL NILE PERCH AND SNAKEHEAD FILLETS DRIED SALTED OR IN BRINE BUT NOT SMOKED"
305320010,"COD FILLETS DRIED SALTED OR IN BRINE BUT NOT SMOKED"
305320090,"FISH FILLETS OF FAMILIES BREGMACEROTIDAE EUCLICHTHYIDAE GADIDAE MACROURIDAE MELANONIDAE ETC. DRIED SALTED OR IN BRINE BUT NOT SMOKED NESOI"
305392000,"HERRING FILLETS DRIED SALTED OR IN BRINE IN IMMEDIATE CONTAINERS WEIGHING WITH THEIR CONTENTS 6.8 KG OR LESS EACH NOT SMOKED"
305394000,"MACKEREL FILLETS DRIED SALTED OR IN BRINE IN IMMEDIATE CONTAINERS WEIGHING WITH THEIR CONTENTS 6.8 KG OR LESS EACH NOT SMOKED"
305396110,"HERRING FILLETS DRIED SALTED OR IN BRINE BUT NOT SMOKED NESOI"
305396180,"FISH FILLETS DRIED SALTED OR IN BRINE BUT NOT SMOKED NESOI"
305410000,"PACIFIC SALMON (ONCORHYNCHUS SPP.) ATLANTIC SALMON (SALMO SALAR) AND DANUBE SALMON (HUCHO HUCHO) INCLUDING FILLETS SMOKED"
305420020,"HERRINGS (CLUPEA HARENGUS CLUPEA PALLASII) WHOLE OR BEHEADED BUT NOT OTHERWISE PROCESSED SMOKED"
305420050,"HERRINGS (CLUPEA HARENGUS CLUPEA PALLASII) BONELESS SMOKED"
305420060,"HERRINGS (CLUPEA HARENGUS CLUPEA PALLASII) SMOKED NESOI"
305430000,"SMOKED TROUT INCLUDING FILLETS OTHER THAN EDIBLE OFFAL"
305440100,"SMOKED TILAPIA CATFISH CARP EELS NILE PERCH AND SNAKEHEADS INCLUDING FILLETS OTHER THAN EDIBLE FISH OFFAL"
305492000,"MACKEREL INCLUDING FILLETS SMOKED"
305494020,"COD CUSK HADDOCK HAKE (UROPHYCIS SPP.) AND POLLOCK INCLUDING FILLETS SMOKED"
305494045,"SMOKED FISH INCLUDING FILLETS OTHER THAN EDIBLE FISH OFFAL NESOI"
305510000,"COD (GADUS MORHUA GADUS OGAC GADUS MACROCEPHALUS) DRIED WHETHER OR NOT SALTED BUT NOT SMOKED"
305520000,"TIALPIA CATFISHEELSNILE PERCH AND SNAKEHEADS FISH DRIED WHETHER OR NOT SALTED BUT NOT SMOKED"
305530000,"FISH OF FAMILIES BREGMACEROTIDAE EUCLICHTHYIDAE GADIDAE MACROURIDAEMELANONIDAEMERCLUCCIIDAEMORIDAE&MURAENOLEPIDIDAEOTH/THAN CODDRIEDWHTH/NOT"
305540000,"HERRINGSANCHOVIESSARDINESSARDINELLABRISLING/SPRATSMACKERELINDIAN MACKSEERFSHJACK/HORSE MACK DRIED WHETHER OR NOT SALTED BUT NOT SMOKED"
305590001,"FISH DRIED WHETHER OR NOT SALTED BUT NOT SMOKED NESOI"
305612000,"HERRINGS (CLUPEA HARENGUS CLUPEA PALLASII) SALTED IN IMMEDIATE CONTAINERS WEIGHING WITH CONTENTS 6.8 KG OR LESS NOT DRIED OR SMOKED OR IN BRINE"
305614000,"HERRINGS SALTED BUT NOT DRIED OR SMOKED IN BRINE NESOI"
305620010,"COD HAVING A MOISTURE CONT BY WEIGHT OVER 50% WHOLE/PROCESSED BY REMOVAL OF HEADS/FINS/VISCERA/SCALES/VERTEBRAL COLUMNS SALTD NOT DRD/SMKD; IN BRINE"
305620025,"COD W/ MOISTURE CONT BY WT OVER 45% BUT NOT OV 50% WHOLE/PROCSD BY REMOVAL OF HEADS/FINS/VISCERA/SCALES/VERTEBRAL COLS SALTD NOT DRD/SMKD; IN BRINE"
305620045,"COD W/ MOISTURE CONTENT BY WEIGHT NOT OVER 43% WHOLE/PROCESSED BY REMOVAL OF HEADS/FINS/VISCERA/SCALES/VERTEBRAL COLS SALTED NOT DRD/SMKD; IN BRINE"
305620050,"COD HAVING A MOISTURE CONTENT BY WEIGHT OVER 50 PERCENT SALTED BUT NOT DRIED OR SMOKED; IN BRINE NESOI"
305620060,"COD HAVING A MOISTURE CONTENT BY WEIGHT OVER 45% BUT NOT OVER 50% SALTED BUT NOT DRIED OR SMOKED; IN BRINE NESOI"
305620080,"COD HAVING A MOISTURE CONTENT BY WEIGHT NOT OVER 43% SALTED BUT NOT DRIED OR SMOKED; IN BRINE NESOI"
305632000,"ANCHOVIES (ENGRAULIS SPP.) IN AIRTIGHT CONTAINERS WEIGHING WITH THEIR CONTENTS 6.8 KG OR LESS EACH SALTED BUT NOT DRIED OR SMOKED; IN BRINE"
305634000,"ANCHOVIES IN IMMEDIATE CONTAINERS WEIGHING WITH THEIR CONTENTS 6.8 KG OR LESS EACH SALTED BUT NOT DRIED OR SMOKED; IN BRINE NOT IN AIRTIGHT CONTNRS"
305636000,"ANCHOVIES (ENGRAULIS SPP.) SALTED BUT NOT DRIED OR SMOKED; IN BRINE NOT IN IMMEDIATE CONTAINERS WEIGHING WITH THEIR CONTENTS 6.8 KG OR LESS EACH"
305641000,"TILAPIA CATFISH CARP EELS NILE PERCH AND SNAKEHEAD FLOURSETCCONTS WEIGH W/THEIR CONTNTS 6.8 KG OR LESS EACH SALT BUT NOT DRIED/SMOKED; IN BRINE"
305645000,"TILAPIA CARFISH CARP EELS NILE PERCH SNAKEHEAD  SALTED BUT NOT DRIED OR SMOKED; IN BRINE OTHER THAN EDIBLE FISH OFFAL NESOI"
305691021,"HAKE WHOLE OR PROCESSED BY REMOVAL OF HEADS FINS VISCERA SCALES VERTEBRAL COLUMNS OR ANY COMBINATION THEREOF SALTED NT DRIED OR SMOKED; IN BRINE"
305691022,"POLLOCK WHOLE OR PROCESSED BY REMOVAL OF HEAD FINS VISCERA SCALES VERTEBRAL COLUMNS OR COMBINATION THEREOF SALTED NOT DRIED OR SMOKED; IN BRINE"
305691029,"HADDOCK AND CUSK WHOLE OR PROCESSED BY REMOVAL OF HEADS FINS VISCERA SCALES VERTEBRAL COLUMNS OR COMBINATION SALTED NOT DRIED/SMOKED; IN BRINE"
305691041,"HAKE SALTED BUT NOT DRIED OR SMOKED; IN BRINE NESOI"
305691042,"POLLOCK SALTED BUT NOT DRIED OR SMOKED; IN BRINE NESOI"
305691049,"HADDOCK AND CUSK SALTED BUT NOT DRIED OR SMOKED; IN BRINE NESOI"
305692000,"MACKEREL IN IMMEDIATE CONTAINERS WEIGHING WITH THEIR CONTENTS 6.8 KG OR LESS EACH SALTED BUT NOT DRIED OR SMOKED; IN BRINE"
305693000,"MACKEREL SALTED BUT NOT DRIED OR SMOKED; IN BRINE NOT IN IMMEDIATE CONTAINERS WEIGHING WITH THEIR CONTENTS 6.8 KG OR LESS EACH"
305694000,"SALMON SALTED BUT NOT DRIED OR SMOKED; IN BRINE"
305695001,"FISH IN IMMEDIATE CONTAINERS WEIGHING WITH THEIR CONTENTS 6.8 KG OR LESS EACH SALTED BUT NOT DRIED OR SMOKED; IN BRINE NESOI"
305696001,"FISH SALTED BUT NOT DRIED OR SMOKED; IN BRINE OTHER THAN EDIBLE FISH OFFAL NESOI"
305710000,"SHARK FINS DRIED OR SMOKED"
305720000,"FISH HEADS TAILS AND MAWS"
305790000,"EDIBLE FISH OFFAL DRIED SALTED IN BRINE OR SMOKED NESOI"
306110010,"CARIBBEAN SPINY LOBSTER (PANULIRUS ARGUS) FROZEN"
306110020,"ROCK LOBSTER AND OTHER SEA CRAWFISH (PALINURUS SPP. PANULIRUS SPP. JASUS SPP.) FROZEN NESOI"
306120010,"LOBSTERS (HOMARUS SPP.) IN AIRTIGHT CONTAINERS IN BRINE FROZEN"
306120030,"LOBSTERS (HOMARUS SPP.) IN AIRTIGHT CONTAINERS FROZEN NOT IN BRINE"
306120050,"LOBSTERS IN BRINE FROZEN NOT IN AIRTIGHT CONTAINERS"
306120070,"LOBSTERS FROZEN NOT IN BRINE NOT IN AIRTIGHT CONTAINERS"
306142000,"CRABMEAT FROZEN"
306144003,"RED KING CRAB(PARALITHODES CAMTSCHATICUS) FROZEN EXCEPT CRABMEAT"
306144006,"BLUE KING CRAB(PARALITHODES PLATYPUS) FROZEN EXCEPT CRABMEAT"
306144009,"GOLDEN/BROWN KING CRAB(LITHODES AEQUISPINUS) FROZEN EXCEPT CRABMEAT"
306144012,"SOUTHERN RED SANTOLLA KING CRAB(LITHODES SANTOLLA FORMERLY L. ANTARCTICUS) FROZEN EXCEPT CRABMEAT"
306144015,"OTHER KING CRABS FROZEN EXCEPT CRABMEAT"
306144020,"SNOW CRABS FROZEN EXCEPT CRABMEAT"
306144030,"DUNGENESS CRABS FROZEN EXCEPT CRABMEAT"
306144090,"CRABS FROZEN EXCEPT CRABMEAT NESOI"
306150000,"NORWAY LOBSTERS (NEPHROPS NORVEGICUS) FROZEN"
306160003,"COLD-WATER SHRIMPS AND PRAWNS (PANDALUS SPP. CRANGON CRANGON) FROZEN SHELL-ON COUNT SIZE (HEADLESS WEIGHT) LESS THAN 33 PER KG (15S) STAT NOTE 1"
306160006,"COLD-WATER SHRIMPS AND PRAWNS (PANDALUS SPP. CRANGON CRANGON) FROZEN SHELL-ON COUNT SIZE (HEADLESS WEIGHT) 33-45 PER KG (15-20S) STAT NOTE 1"
306160009,"COLD-WATER SHRIMPS AND PRAWNS (PANDALUS SPP. CRANGON CRANGON) FROZEN SHELL-ON COUNT SIZE (HEADLESS WEIGHT) 46-55 PER KG (21-25S) STAT NOTE 1"
306160012,"COLD-WATER SHRIMPS AND PRAWNS (PANDALUS SPP. CRANGON CRANGON) FROZEN SHELL-ON COUNT SIZE (HEADLESS WEIGHT) 56-66 PER KG (26-30S) STAT NOTE 1"
306160015,"COLD-WATER SHRIMPS AND PRAWNS (PANDALUS SPP. CRANGON CRANGON) FROZEN SHELL-ON COUNT SIZE (HEADLESS WEIGHT) 67-88 PER KG (31-40S) STAT NOTE 1"
306160018,"COLD-WATER SHRIMPS AND PRAWNS (PANDALUS SPP. CRANGON CRANGON) FROZEN SHELL-ON COUNT SIZE (HEADLESS WEIGHT) 89-110 PER KG (41-50S) STAT NOTE 1"
306160021,"COLD-WATER SHRIMPS AND PRAWNS (PANDALUS SPP. CRANGON CRANGON) FROZEN SHELL-ON COUNT SIZE (HEADLESS WEIGHT) 111-132 PER KG (51-60S) STAT NOTE 1"
306160024,"COLD-WATER SHRIMPS AND PRAWNS (PANDALUS SPP. CRANGON CRANGON) FROZEN SHELL-ON COUNT SIZE (HEADLESS WEIGHT) 133-154 PER KG (61-70S) STAT NOTE 1"
306160027,"COLD-WATER SHRIMPS AND PRAWNS (PANDALUS SPP. CRANGON CRANGON) FROZEN SHELL-ON COUNT SIZE (HEADLESS WEIGHT) MORE THAN 154 PER KG (70S) STAT NOTE 1"
306160040,"COLD-WATER SHRIMPS AND PRAWNS FROZEN PEELED IMPORTED IN ACCORDANCE WITH STATISTICAL NOTE 1 TO THIS CHAPTER"
306170003,"SHRIMPS AND PRAWNS (PANDALUS SPP. CRANGON CRANGON) FROZEN SHELL-ON COUNT SIZE (HEADLESS WEIGHT) LESS THAN 33 PER KG (15S) STAT NOTE 1 NESOI"
306170006,"SHRIMPS AND PRAWNS (PANDALUS SPP. CRANGON CRANGON) FROZEN SHELL-ON COUNT SIZE (HEADLESS WEIGHT) 33-45 PER KG (15-20S) STAT NOTE 1 NESOI"
306170009,"SHRIMPS AND PRAWNS (PANDALUS SPP. CRANGON CRANGON) FROZEN SHELL-ON COUNT SIZE (HEADLESS WEIGHT) 46-55 PER KG (21-25S) STAT NOTE 1 NESOI"
306170012,"SHRIMPS AND PRAWNS (PANDALUS SPP. CRANGON CRANGON) FROZEN SHELL-ON COUNT SIZE (HEADLESS WEIGHT) 56-66 PER KG (26-30S) STAT NOTE 1 NESOI"
306170015,"SHRIMPS AND PRAWNS (PANDALUS SPP. CRANGON CRANGON) FROZEN SHELL-ON COUNT SIZE (HEADLESS WEIGHT) 67-88 PER KG (31-40S) STAT NOTE 1 NESOI"
306170018,"SHRIMPS AND PRAWNS (PANDALUS SPP. CRANGON CRANGON) FROZEN SHELL-ON COUNT SIZE (HEADLESS WEIGHT) 89-110 PER KG (41-50S) STAT NOTE 1 NESOI"
306170021,"SHRIMPS AND PRAWNS (PANDALUS SPP. CRANGON CRANGON) FROZEN SHELL-ON COUNT SIZE (HEADLESS WEIGHT) 111-132 PER KG (51-60S) STAT NOTE 1 NESOI"
306170024,"SHRIMPS AND PRAWNS (PANDALUS SPP. CRANGON CRANGON) FROZEN SHELL-ON COUNT SIZE (HEADLESS WEIGHT) 133-154 PER KG (61-70S) STAT NOTE 1 NESOI"
306170027,"SHRIMPS AND PRAWNS (PANDALUS SPP. CRANGON CRANGON) FROZEN SHELL-ON COUNT SIZE (HEADLESS WEIGHT) MORE THAN 154 PER KG (70S) STAT NOTE 1 NESOI"
306170040,"SHRIMPS AND PRAWNS FROZEN PEELED IMPORTED IN ACCORDANCE WITH STATISTICAL NOTE 1 TO THIS CHAPTER OTHER THAN COLD-WATER"
306190010,"CRAWFISH FRESHWATER FROZEN; FLOURS MEALS AND PELLETS FIT FOR HUMAN CONSUMPTION"
306190030,"ANTARCTIC KRILL (EUPHAUSIA SUPERBA) FROZEN; FLOURS MEALS AND PELLETS FIT FOR HUMAN CONSUMPTION"
306190061,"CRUSTACEANS OR FLOURS MEALS AND PELLETS OF CRUSTACEANS FIT FOR HUMAN CONSUMPTION FROZEN NESOI"
306310000,"ROCK LOBSTER AND OTHER SEA CRAWFISH (PALINURUS SPP. PANULIRUS SPP.  JASUS SPP) LIVE FRESH OR CHILLED"
306320010,"LOBSTERS (HOMARUS SPP.) LIVE EXCEPT ROCK LOBSTER"
306320090,"LOBSTERS (HOMARUS SPP.) FRESH OR CHILLED EXCEPT ROCK LOBSTER"
306332000,"CRABMEAT FRESH OR CHILLED"
306334000,"CRABS LIVE FRESH OR CHILLED OTHER THAN CRABMEAT"
306340000,"NORWAY LOBSTERS (NEPHROPS NORVEGICUS) LIVE FRESH OR CHILLED"
306350020,"COLD-WATER SHRIMPS AND PRAWNS (PANDALUS SPP. CRANGON CRANGON) LIVE FRESH OR CHILLED SHELL-ON"
306350040,"COLD-WATER SHRIMPS AND PRAWNS (PANDALUS SPP. CRANGON CRANGON) FRESH OR CHILLED PEELED"
306360020,"SHRIMPS AND PRAWNS LIVE FRESH OR CHILLED SHELL-ON OTHER THAN COLD-WATER"
306360040,"SHRIMPS AND PRAWNS FRESH OR CHILLED PEELED OTHER THAN COLD-WATER"
306390000,"FLOURS MEALS AND PELLETS OF CRUSTACEANS FRESH OR CHILLED FIT FOR HUMAN CONSUMPTION OR OTHER CRUSTACEANS LIVE FRESH OR CHILLED"
306910000,"ROCK LOBSTER AND OTHER SEA CRAWFISH (PALINURUS SPP. PANULIRUS SPP.  JASUS SPP) NESOI"
306920000,"LOBSTERS (HOMARUS SPP.) EXCEPT ROCK LOBSTER NESOI"
306932000,"CRABMEAT NESOI"
306934000,"CRABS OTHER THAN CRABMEAT NESOI"
306950020,"SHRIMPS AND PRAWNS SHELL-ON NESOI"
306950040,"SHRIMPS AND PRAWNS PEELED NESOI"
306990000,"FLOURS MEALS AND PELLETS OF CRUSTACEANS FIT FOR HUMAN CONSUMPTION OR CRUSTACEANS NESOI"
307110060,"OYSTERS FARMED LIVE FRESH OR CHILLED EXCEPT SEED OYSTERS"
307110080,"OYSTERS LIVE FRESH OR CHILLED NOT FARMED EXCEPT SEED OYSTERS"
307120060,"FROZEN OYSTERS"
307120080,"FROZEN OYSTERS NESOI"
307190160,"OYSTERS FARMED OTHER THAN LIVE FRESH OR CHILLED"
307190180,"OYSTERS OTHER THAN LIVE FRESH OR CHILLED NOT FARMED"
307210000,"SCALLOPS AND OTHER MOLLUSCS OF THE FAMILY PECTINIDAE LIVE FRESH OR CHILLED"
307220000,"SCALLOPS AND OTHER MOLLUSCS OF THE FAMILY PECTINIDAE FROZEN"
307290100,"SCALLOPS AND OTHER MOLLUSCS OF THE FAMILY PECTINIDAE NESOI"
307310010,"MUSSELS (MYTILUS SPP. PERNA SPP.) FARMED LIVE FRESH OR CHILLED"
307310090,"MUSSELS (MYTILUS SPP. PERNA SPP.) LIVE FRESH OR CHILLED NOT FARMED"
307320000,"MUSSELS (MYTILUS SPP. PERNA SPP.) FROZEN DRIED SALTED OR IN BRINE"
307390100,"MUSSELS (MYTILUS SPP. PERNA SPP.) DRIED SALTED OR IN BRINE"
307420020,"LOLIGO SQUID LIVE FRESH OR CHILLED"
307420040,"SQUID (OMMASTREPHES SPP. NOTOTODARUS SPP. SEPIOTEUTHIS SPP.) LIVE FRESH OR CHILLED EXCEPT LOLIGO SQUID"
307420060,"CUTTLE FISH (SEPIA OFFICINALIS ROSSIA MACROSOMA SEPIOLA SPP.) LIVE FRESH OR CHILLED"
307430010,"SQUID FILLETS FROZEN"
307430022,"OTHER SQUID LOLIGO OPALESCENS FROZEN (EXCEPT FILLETS) DRIED SALTED OR IN BRINE"
307430024,"OTHER SQUID LOLIGO PEALEI FROZEN (EXCEPT FILLETS) DRIED SALTED OR IN BRINE"
307430029,"OTHER LOLIGO SQUID FROZEN (EXCEPT FILLETS) DRIED SALTED OR IN BRINE NESOI"
307430050,"OTHER SQUID FROZEN (EXCEPT FILLETS) DRIED SALTED OR IN BRINE EXCEPT LOLIGO SQUID"
307430060,"OTHER CUTTLE FISH (SEPIA OFFICINALIS ROSSIA MACROSOMA SEPIOLA SPP.) FROZEN DRIED SALTED OR IN BRINE"
307490122,"SQUID LOLIGO OPALESCENS FROZEN (EXCEPT FILLETS) DRIED SALTED OR IN BRINE"
307490124,"SQUID LOLIGO PEALEI FROZEN (EXCEPT FILLETS) DRIED SALTED OR IN BRINE"
307490129,"LOLIGO SQUID FROZEN (EXCEPT FILLETS) DRIED SALTED OR IN BRINE NESOI"
307490150,"SQUID FROZEN (EXCEPT FILLETS) DRIED SALTED OR IN BRINE EXCEPT LOLIGO SQUID"
307490160,"CUTTLE FISH (SEPIA OFFICINALIS ROSSIA MACROSOMA SEPIOLA SPP.) FROZEN DRIED SALTED OR IN BRINE"
307510000,"OCTOPUS LIVE FRESH OR CHILLED"
307520000,"OCTOPUS FROZEN DRIED SALTED OR IN BRINE"
307590100,"OCTOPUS DRIED SALTED OR IN BRINE"
307600000,"SNAILS OTHER THAN SEA SNAILS"
307710050,"GEODUCK CLAMS LIVE FRESH OR CHILLED"
307710070,"CLAMS LIVE FRESH OR CHILLED EXCEPT GEODUCK CLAMS"
307710090,"COCKLES AND ARK SHELLS LIVE FRESH OR CHILLED"
307720030,"GEODUCK CLAMS INCLUDING FLOURS MEALS AND PELLETS FIT FOR HUMAN CONSUMPTION FROZEN"
307720055,"CLAMS INCLUDING FLOURS MEALS AND PELLETS FIT FOR HUMAN CONSUMPTION FROZEN EXCEPT GEODUCK AND STIMSON'S CLAMS"
307720060,"COCKLES AND ARK SHELLS FROZEN"
307790130,"GEODUCK CLAMS INCLUDING FLOURS MEALS AND PELLETS FIT FOR HUMAN CONSUMPTION DRIED SALTED OR IN BRINE"
307790155,"CLAMS INCLUDING FLOURS MEALS AND PELLETS FIT FOR HUMAN CONSUMPTION DRIED SALTED OR IN BRINE EXCEPT GEODUCK AND STIMSON'S CLAMS"
307790160,"COCKLES AND ARK SHELLS OTHER THAN LIVE FRESH OR CHILLED"
307810000,"ABALONE LIVE FRESH OR CHILLED"
307820000,"STROMBOID CONCHS (STROMBUS SPP.) LIVE FRESH OR CHILLED"
307830000,"FROZEN ABALONE INCLUDING FLOURS MEALS AND PELLETS FIT FOR HUMAN CONSUMPTION"
307840000,"FROZEN STROMBOID CONCHS (STROMBUS SPP.)"
307870000,"ABALONE INCLUDING FLOURS MEALS AND PELLETS FIT FOR HUMAN CONSUMPTION DRIED SALTED OR IN BRINE"
307880000,"OTHER STROMBOID CONCHS (STROMBUS SPP.)"
307910230,"CONCH LIVE FRESH OR CHILLED"
307910290,"MOLLUSCS FIT FOR HUMAN CONSUMPTION LIVE FRESH OR CHILLED NESOI"
307920030,"CONCH INCLUDING FLOURS MEALS AND PELLETS FIT FOR HUMAN CONSUMPTION FROZEN"
307920090,"MOLLUSCS INCLUDING FLOURS MEALS AND PELLETS FIT FOR HUMAN CONSUMPTION FROZEN"
307990200,"MOLLUSCS INCLUDING FLOURS MEALS AND PELLETS FIT FOR HUMAN CONSUMPTION NESOI"
308110000,"SEA CUCUMBERS FIT FOR HUMAN CONSUMPTION LIVE FRESH OR CHILLED"
308120000,"SEA CUCUMBERS INCLUDING FLOURS MEALS AND PELLETS FIT FOR HUMAN CONSUMPTION FROZEN"
308190100,"SEA CUCUMBERS INCLUDING FLOURS MEALS AND PELLETS FIT FOR HUMAN CONSUMPTION NESOI"
308210021,"SEA URCHIN ROE FRESH OR CHILLED"
308210029,"SEA URCHIN LIVE FRESH OR CHILLED (EXCEPT ROE)"
308220000,"SEA URCHINS INCLUDING FLOURS MEALS AND PELLETS FIT FOR HUMAN CONSUMPTION FROZEN"
308290100,"SEA URCHINS INCLUDING FLOURS MEALS AND PELLETS FIT FOR HUMAN CONSUMPTION NESOI"
308300000,"JELLYFISH FIT FOR HUMAN CONSUPMTION INCLUDING FLOURS MEALS AND PELLETS"
308900000,"AQUATIC INVERTEBRATES OTHER THAN CRUSTACEANS AND MOLLUSCS INCLUDING FLOURS MEALS AND PELLETS FIT FOR HUMAN CONSUMPTION NESOI"
511910010,"FISH EGGS FERTILIZED (NOT FOR HUMAN CONSUMPTION)"
511910090,"PRODUCTS OF FISH OR CRUSTACEANS MOLLUSCS OR OTHER AQUATIC INVERTEBRATES; DEAD ANIMALS OF CHAPTER 3 UNFIT FOR HUMAN CONSUMPTION NESOI"
1504102000,"COD LIVER OIL AND ITS FRACTIONS WHETHER OR NOT REFINED BUT NOT CHEMICALLY MODIFIED"
1504104000,"FISH-LIVER OILS EXCEPT COD AND THEIR FRACTIONS WHETHER OR NOT REFINED BUT NOT CHEMICALLY MODIFIED"
1504202000,"COD FATS AND OILS AND ITS FRACTIONS EXCEPT LIVER OIL WHETHER OR NOT REFINED BUT NOT CHEMICALLY MODIFIED"
1504204000,"HERRING FATS AND OILS AND ITS FRACTIONS EXCEPT LIVER OIL WHETHER OR NOT REFINED BUT NOT CHEMICALLY MODIFIED"
1504206020,"MENHADEN FATS AND OILS AND THEIR FRACTIONS WHETHER OR NOT REFINED BUT NOT CHEMICALLY MODIFIED"
1504206040,"FATS AND OILS AND THEIR FRACTIONS OF FISH OTHER THAN LIVER OILS WHETHER OR NOT REFINED BUT NOT CHEMICALLY MODIFIED NESOI"
1604112020,"PINK (HUMPIE) SALMON WHOLE OR IN PIECES BUT NOT MINCED IN OIL IN AIRTIGHT CONTAINERS"
1604112090,"SALMON NESOI WHOLE OR IN PIECES BUT NOT MINCED IN OIL IN AIRTIGHT CONTAINERS"
1604114020,"PINK (HUMPIE) SALMON NOT IN OIL CANNED"
1604114030,"SOCKEYE SALMON NOT IN OIL CANNED"
1604114040,"SALMON NESOI NOT IN OIL CANNED"
1604114050,"SALMON WHOLE OR IN PIECES BUT NOT MINCED NESOI"
1604122000,"HERRINGS WHOLE OR IN PIECES BUT NOT MINCED IN OIL IN AIRTIGHT CONTAINERS"
1604124000,"HERRINGS IN TOMATO SAUCE SMOKED OR KIPPERED AND IN IMMEDIATE CONTAINERS WEIGHING WITH THEIR CONTENTS OVER 0.45 KG EACH"
1604126010,"HERRINGS FILLETS PICKLED"
1604126030,"HERRINGS EXCEPT FILLETS PICKLED"
1604126050,"HERRINGS KIPPER SNACKS"
1604126090,"HERRINGS WHOLE OR IN PIECES BUT NOT MINCED NESOI PREPARED OR PRESERVED"
1604131000,"SARDINES SMOKED NOT SKINNED OR BONED IN OIL IN AIRTIGHT CONTAINERS VALUED $1 OR MORE PER KG IN TIN-PLATE CONTAINERS $1.10 OR MORE IN OTHER CNTRS"
1604132000,"SARDINES NESOI SARDINELLA AND BRISLING OR SPRATS NEITHER SKINNED NOR BONED IN OIL IN AIRTIGHT CONTAINERS"
1604133000,"SARDINES SARDINELLA AND BRISLING OR SPRATS SKINNED OR BONED IN OIL IN AIRTIGHT CONTAINERS"
1604134000,"SARDINES SARDINELLA AND BRISLING OR SPRATS NESOI IN IMMEDIATE CONTAINERS WEIGHING WITH THEIR CONTENTS UNDER 225 GRAMS EACH"
1604139000,"SARDINES SARDINELLA AND BRISLING OR SPRATS NESOI WHOLE OR IN PIECES BUT NOT MINCED PREPARED OR PRESERVED"
1604141010,"TUNAS AND SKIPJACK IN OIL IN AIRTIGHT CONTAINERS IN FOIL OR OTHER FLEXIBLE CONTAINERS WEIGHING WITH THEIR CONTENTS NOT MORE THAN 6.8 KG EACH"
1604141091,"TUNAS ALBACORE IN OIL IN AIRTIGHT CONTAINERS NESOI"
1604141099,"TUNAS AND SKIPJACK IN OIL IN AIRTIGHT CONTAINERS NESOI"
1604142251,"ALBACORE TUNA NOT IN OIL IN FOIL/FLEXIBLE AIRTIGHT CONTAINERWEIGHING NOT OVER 6.8 KG 4.8% OF U S CONSUMPTION OF CANNED TUNA DURING PRECEDING YEAR"
1604142259,"ALBACORE TUNA NOT IN OIL IN AIRTIGHT CONTAINERS WEIGHING NOT OVER 7 KG NESOI 4.8% OF U. S. CONSUMPTION OF CANNED TUNA DURING PRECEDING YEAR"
1604142291,"OTHER TUNAS & SKIPJACK NO OIL IN FOIL/FLEXIBLE AIRTIGHT CONTAINERSNOT OVER 6.8 KG 4.8% OF U. S. CONSUMPTION OF CANNED TUNA DURING PRECEDING YEAR"
1604142299,"TUNASNESOI & SKIPJACK NOT IN OIL IN OTHER AIRTIGHT CONTAINERS NOT OVER 7 KG 4.8% OF U S CONSUMPTION OF CANNED TUNA DURING PRECEDING YEAR"
1604143051,"TUNA ALBACORE (THUNNUS ALALUNGA) NOT IN OIL IN FOIL OR OTHER FLEXIBLE AIRTIGHT CONTAINERS WEIGHING WITH CONTENTS NOT MORE THAN 6.8 KG EACH NESOI"
1604143059,"TUNA ALBACORE (THUNNUS ALALUNGA) NOT IN OIL IN AIRTIGHT CONTAINERS NESOI"
1604143091,"TUNAS AND SKIPJACK NESOI NOT IN OIL IN FOIL OR OTHER FLEXIBLE AIRTIGHT CONTAINERS WEIGHING WITH THEIR CONTENTS NOT MORE THAN 6.8 KG EACH"
1604143099,"OTHER TUNAS AND SKIPJACK NOT IN OIL IN AIRTIGHT CONTAINERS NESOI"
1604144000,"TUNAS AND SKIPJACKS PREPARED OR PRESERVED NOT IN AIRTIGHT CONTAINERS NOT IN OIL IN BULK OR IMMEDIATE CONTAINERS WITH THEIR CONTENTS OVER 6.8 KG EA"
1604145000,"TUNAS AND SKIPJACK PREPARED OR PRESERVED NOT IN AIRTIGHT CONTAINERS NESOI"
1604147000,"BONITO (SARDA SPP.) PREPARED OR PRESERVED IN OIL"
1604148000,"BONITO (SARDA SPP.) PREPARED OR PRESERVED NOT IN OIL"
1604150000,"MACKEREL WHOLE OR IN PIECES BUT NOT MINCED PREPARED OR PRESERVED"
1604162000,"ANCHOVIES IN OIL IN AIRTIGHT CONTAINERS"
1604164000,"ANCHOVIES PREPARED OR PRESERVED NESOI IN IMMEDIATE CONTAINERS WEIGHING WITH THEIR CONTENTS 6.8 KG OR LESS EACH"
1604166000,"ANCHOVIES PREPARED OR PRESERVED NESOI"
1604171000,"EELS IN AIRTIGHT CONTAINERS"
1604174000,"EEL FISH STICKS & SIMILAR PRODUCTS FILLETS OR OTHER PORTIONS OF FISH IF BREADED COATED WITH BATTER OR SIMILARLY PREPARED NEITHER COOKED NOR IN OIL"
1604175000,"EEL FISH STICKS AND SIMILAR PRODUCTS FILLETS OR OTHER PORTIONS OF FISH IF BREADED COATED WITH BATTER OR SIMILARLY PREPARED NESOI"
1604176000,"EELS WHOLE OR IN PIECES NOT MINCED IN OIL AND IN BULK OR IN IMMEDIATE CONTAINERS WEIGHING WITH THEIR CONTENTS OVER 7 KG EACH"
1604178000,"EELS WHOLE OR IN PIECES BUT NOT MINCED PREPARED OR PRESERVED NESOI"
1604189000,"FISH WHOLE OR IN PIECES BUT NOT MINCED SHARK FINS OTHER NESOI"
1604191000,"BONITO YELLOWTAIL AND POLLOCK NOT IN OIL IN AIRTIGHT CONTAINERS"
1604192200,"FISH WHOLE OR IN PIECES BUT NOT MINCED NOT IN OIL IN AIRTIGHT CONTAINERS NESOI"
1604192500,"BONITO YELLOWTAIL AND POLLOCK IN OIL IN AIRTIGHT CONTAINERS"
1604193200,"FISH WHOLE OR IN PIECES BUT NOT MINCED IN OIL IN AIRTIGHT CONTAINERS NESOI"
1604194100,"FISH STICKS & SIMILAR PRODUCTS FILLETS OR OTHER PORTIONS OF FISH IF BREADED COATED WITH BATTER OR SIMILARLY PREPARED NEITHER COOKED NOR IN OILNES"
1604195100,"FISH STICKS AND SIMILAR PRODUCTS FILLETS OR OTHER PORTIONS OF FISH IF BREADED COATED WITH BATTER OR SIMILARLY PREPARED NESOI"
1604196100,"FISH WHOLE OR IN PIECES NOT MINCED IN OIL AND IN BULK OR IN IMMEDIATE CONTAINERS WEIGHING WITH THEIR CONTENTS OVER 7 KG EACH NESOI"
1604198200,"FISH WHOLE OR IN PIECES BUT NOT MINCED PREPARED OR PRESERVED NESOI"
1604200510,"PREPARED MEALS CONTAINING MEAT OF CRUSTACEANS MOLLUSCS OR OTHER AQUATIC INVERTEBRATES"
1604200590,"PRODUCTS CONTAINING MEAT OF CRUSTACEANS MOLLUSCS OR OTHER AQUATIC INVERTEBRATES NESOI"
1604201000,"FISH PASTES"
1604201500,"FISH BALLS CAKES AND PUDDINGS IN OIL"
1604202000,"FISH BALLS CAKES AND PUDDINGS NOT IN OIL IN AIRTIGHT CONTAINERS WEIGHING WITH THEIR CONTENTS NOT OVER 6.8 KG EACH"
1604202500,"FISH BALLS CAKES AND PUDDINGS NOT IN OIL NOT IN AIRTIGHT CONTAINERS IN IMMEDIATE CONTAINERS WEIGHING WITH THEIR CONTENTS NOT OVER 6.8 KG EACH"
1604203000,"FISH BALLS CAKES AND PUDDINGS NESOI"
1604204000,"FISH STICKS AND SIMILAR PRODUCTS OF MINCED FISH OF ANY SIZE OR SHAPE IF BREADED COATED WITH BATTER OR SIMILARLY PREPARED NEITHER COOKED NOR IN OIL"
1604205010,"FISH STICKS AND SIMILAR PRODUCTS OF MINCED FISH OF ANY SIZE OR SHAPE IF BREADED COATED WITH BATTER OR SIMILARLY PREPARED PRE-COOKED AND FROZEN"
1604205090,"FISH STICKS AND SIMILAR PRODUCTS OF MINCED FISH OF ANY SIZE OR SHAPE IF BREADED COATED WITH BATTER OR SIMILARLY PREPARED NESOI"
1604206010,"FISH PREPARED OR PRESERVED NESOI PRE-COOKED AND FROZEN"
1604206090,"FISH PREPARED OR PRESERVED NESOI"
1604310000,"CAVIAR (PREPARED FROM THE ROE OF STURGEON)"
1604323000,"CAVIAR SUBSTITUTES BOILED AND IN AIRTIGHT CONTAINERS"
1604324000,"CAVIAR SUBSTITUTES NESOI"
1605100510,"CRAB PRODUCTS CONTAINING FISH MEAT; PREPARED MEALS; IN AIRTIGHT CONTAINERS"
1605100590,"CRAB PRODUCTS CONTAINING FISH MEAT/PREPARED MEALS NESOI"
1605102010,"KING CRABMEAT PREPARED IN AIRTIGHT CONTAINERS"
1605102022,"SNOW CRABMEAT C. OPILIO (SMALL) PREPARED IN AIRTIGHT CONTAINERS"
1605102025,"SNOW CRABMEAT PREPARED NESOI IN AIRTIGHT CONTAINERS"
1605102030,"DUNGENESS CRABMEAT PREPARED IN AIRTIGHT CONTAINERS"
1605102051,"SWIMMING CRABMEATPREPARED/PRESERVED(PORTUNIDAE)CALLINECTES SPPINCLUDING BLUE CRABS (C. SAPIDUS)"
1605102059,"SWIMMING CRABMEAT (PORTUNIDAE) PREPARED/PRESERVED NESOI"
1605102090,"CRABMEAT PREPARED OR PRESERVED IN AIRTIGHT CONTAINERS NESOI"
1605104002,"KING CRABMEAT PREPARED FROZEN"
1605104005,"SNOW CRABMEAT C. OPILIO (SMALL) PREPARED FROZEN"
1605104010,"SNOW CRABMEAT NESOI PREPARED FROZEN"
1605104015,"DUNGENESS CRABMEAT PREPARED FROZEN"
1605104025,"CALLINECTES SPP INCLUDING BLUE CRABS (C. SAPIDUS)  FROZEN"
1605104030,"SWIMMING CRABMEAT(PORTUNIDAE) FROZEN NESOI"
1605104035,"OTHER CRABMEAT PREPARED OR PRESERVED FROZEN NESOI"
1605104040,"CRABMEAT PREPARED OR PRESERVED NESOI"
1605106010,"CRABS PREPARED OR PRESERVED NESOI IN AIRTIGHT CONTAINERS"
1605106090,"CRABS PREPARED OR PRESERVED NESOI"
1605210500,"SHRIMP AND PRAWN PRODUCTS CONTAINING FISH MEAT; PREPARED MEALS NOT IN AIRTIGHT CONTAINERS"
1605211020,"SHRIMPS AND PRAWNS BREADED FROZEN"
1605211030,"SHRIMPS AND PRAWNS PREPARED NESOI FROZEN"
1605211050,"SHRIMPS AND PRAWNS PREPARED OR PRESERVED NOT IN AIRTIGHT CONTAINERS NESOI"
1605290500,"SHRIMP AND PRAWN PRODUCTS CONTAINING FISH MEAT; PREPARED MEALS IN AIRTIGHT CONTAINERS"
1605291010,"SHRIMPS AND PRAWNS FROZEN IN AIRTIGHT CONTAINERS"
1605291040,"SHRIMPS AND PRAWNS PREPARED OR PRESERVED IN AIRTIGHT CONTAINERS NESOI"
1605300510,"LOBSTER PRODUCTS CONTAINING FISH MEAT/PREPARED MEALS IN AIRTIGHT CONTAINERS"
1605300590,"LOBSTER PRODUCTS CONTAINING FISH MEAT/PREPARED MEALS NESOI"
1605301010,"LOBSTER MEAT COOKED BY STEAMING OR BOILING IN WATER AND OUT OF SHELL NOT FURTHER PREPARED OR PRESERVED FROZEN"
1605301030,"LOBSTER MEAT COOKED BY STEAMING OR BOILING IN WATER AND OUT OF SHELL BUT NOT FURTHER PREPARED OR PRESERVED NOT FROZEN"
1605301050,"LOBSTER PREPARED OR PRESERVED NESOI IN AIRTIGHT CONTAINERS"
1605301090,"LOBSTER PREPARED OR PRESERVED NESOI"
1605400500,"CRUSTACEANS NESOI PRODUCTS CONTAINING FISH MEAT; PREPARED MEALS"
1605401010,"CRUSTACEANS PEELED FRESHWATER CRAWFISH TAIL MEAT PREPARED OR PRESERVED NESOI"
1605401090,"CRUSTACEANS OTHER THAN PEELED FRESHWATER CRAWFISH TAIL MEAT PREPARED OR PRESERVED NESOI"
1605510500,"OYSTER PRODUCTS CONTAINING FISH MEAT; PREPARED MEALS"
1605514000,"OYSTERS SMOKED"
1605515000,"OYSTERS EXCEPT SMOKED PREPARED OR PRESERVED"
1605520500,"SCALLOP INCLUDING QUEEN SCALLOP PRODUCTS CONTAINING FISH MEAT; PREPARED MEALS"
1605526000,"SCALLOPS PREPARED OR PRESERVED"
1605530500,"MUSSEL PRODUCTS CONTAINING FISH MEAT; PREPARED MEALS"
1605536000,"MUSSELS PREPARED OR PRESERVED NESOI"
1605540500,"CUTTLE FISH AND SQUID PRODUCTS CONTAINING FISH MEAT; PREPARED MEALS"
1605546010,"CUTTLE FISH PREPARED OR PRESERVED NESOI"
1605546020,"LOLIGO SQUID PREPARED OR PRESERVED"
1605546030,"SQUID EXCEPT LOLIGO PREPARED OR PRESERVED"
1605550500,"OCTOPUS PRODUCTS CONTAINING FISH MEAT; PREPARED MEALS"
1605556000,"OCTOPUS PREPARED OR PRESERVED NESOI"
1605560500,"CLAM COCKLES AND ARKSHELL PRODUCTS CONTAINING FISH MEAT; PREPARED MEALS"
1605561000,"RAZOR CLAMS (SILIQUA PATULA) IN AIRTIGHT CONTAINERS"
1605561500,"CLAMS BOILED WHETHER WHOLE CHOPPED OR SALTED BUT NOT OTHERWISE PREP OR PRES IN IMMEDIATE CONTAINERS CONTENTS NOT OVER 680 GRAMS GROSS WEIGHT"
1605562000,"CLAMS IN AIRTIGHT CONTAINERS NESOI"
1605563000,"CLAMS PREPARED OR PRESERVED NESOI"
1605566000,"COCKLES AND ARKSHELLS PREPARED OR PRESERVED NESOI"
1605576000,"ABALONE (HALIOTIS SPP.) PREPARED OR PRESERVED"
1605580500,"SNAIL (OTHER THAN SEA SNAIL) PRODUCTS CONTAINING FISH MEAT; PREPARED MEALS"
1605585500,"SNAILS OTHER THAN SEA SNAILS PREPARED OR PRESERVED"
1605590500,"MOLLUSCS PRODUCTS CONTAINING FISH MEAT; PREPARED MEALS NESOI"
1605596000,"MOLLUSCS PREPARED OR PRESERVED NESOI"
1605610000,"SEA CUCUMBERS PREPARED OR PRESERVED NESOI"
1605620000,"SEA URCHINS PREPARED OR PRESERVED NESOI"
1605630000,"JELLYFISH PREPARED OR PRESERVED NESOI"
1605690000,"AQUATIC INVERTEBRATES PREPARED OR PRESERVED NESOI"
2301200010,"HERRING MEAL; PILCHARD MEAL UNFIT FOR HUMAN CONSUMPTION"
2301200090,"FLOURS MEALS AND PELLETS OF FISH OR OF CRUSTACEANS MOLLUSCS OR OTHER AQUATIC INVERTEBRATES NESOI UNFIT FOR HUMAN CONSUMPTION"
302721100,"CATFISH FRESH OR CHILLED SCALED IN IMMEDIATE CONTAINERS WEIGHING WITH THEIR CONTENTS 6.8 KG OR LESS EXCEPT FILLETS LIVERS AND ROES"
303420040,"YELLOWFIN TUNAS (THUNNUS ALBACARES) HEAD-ON FROZEN EXCEPT WHOLE"
303890010,"CUSK FROZEN EXCEPT FILLETS LIVERS AND ROES NESOI"
304480000,"RAY AND SKATE (RAJIDAE) FILLETS FRESH OR CHILLED"
304590015,"PIKE MEAT OTHER THAN FILLETS FRESH OR CHILLED"
304731000,"COALFISH (POLLACHIUS VIRENS) FILLETSSKIND FZ BLOCKS WEIGHING OVER 4.5 KG EA TO BE MINCED GROUND OR CUT INTO PIECES OF UNIFORM WEIGHTS & DIMENSIONS"
304895045,"OCEAN CATFISH (WOLF FISH) FILLETS FROZEN NESOI"
1604114010,"CHUM (DOG) SALMON NOT IN OIL CANNED"
1605570500,"ABALONE PRODUCTS CONTAINING FISH MEAT; PREPARED MEALS"
302541100,"HAKE FRESH OR CHILLED SCALED IN IMMEDIATE CONTAINERS WEIGHING WITH THEIR CONTENTS 6.8 KG OR LESS EXCEPT FILLETS LIVERS AND ROES"
302551100,"ALASKA POLLOCK FRESH OR CHILLED SCALED IN IMMEDIATE CONTAINERS WEIGHING WITH THEIR CONTENTS 6.8 KG OR LESS EXCEPT FILLETS LIVERS AND ROES"
302810011,"DOGFISH (SQUALUS SPP.) FRESH OR CHILLED EXCEPT FILLETS LIVERS AND ROES"
302895040,"CUSK FRESH OR CHILLED EXCEPT FILLETS LIVERS AND ROES NESOI"
302912000,"STURGEON ROE FRESH OR CHILLED"
304570000,"RAYS AND SKATES (RAJIDAE) FRESH OR CHILLED"
304970000,"RAY AND SKATES (RAJIDAE) FROZEN NESOI"
304991183,"WHITEFISH MEAT FROZEN IN BULK OR IN IMMEDIATE CONTAINERS WEIGHING WITH THEIR CONTENTS OVER 6.8 KG EACH NOT MINCED"
306940000,"NORWAY LOBSTERS (NEPHROPS NORVEGICUS) NESOI"
307110020,"SEED OYSTERS LIVE FRESH OR CHILLED"
1604112030,"SOCKEYE SALMON WHOLE OR IN PIECES BUT NOT MINCED IN OIL IN AIRTIGHT CONTAINERS"
302565000,"BLUE WHITINGS FRESH OR CHILLED EXCLUDING LIVERS ROES FILLETS AND OTHER FISH MEAT OF HEADING 0304 NESOI"
304949000,"ALASKA POLLOCK MEAT FROZEN NESOI"
307720051,"STIMSON'S CLAMS INCLUDING FLOURS MEALS AND PELLETS FIT FOR HUMAN CONSUMPTION FROZEN"
302530000,"ATLANTIC POLLOCK (POLLACHIUS VIRENS) FRESH OR CHILLED EXCEPT FILLETS LIVERS AND ROES"
303912000,"STURGEON ROE FROZEN"
304560000,"DOGFISH & OTHER SHARKS FRESH OR CHILLED"
