CODE_DESCRIPTION,HS_CODE
LOBSTERS (HOMARUS SPP.) EXCEPT ROCK LOBSTER NESOI,306920000
OTHER EDIBLE FISH OFFAL FRESH OR CHILLED NESOI,302990000
ANCHOVIES PREPARED OR PRESERVED NESOI,1604166000
HERRING FATS AND OILS AND ITS FRACTIONS EXCEPT LIVER OIL WHETHER OR NOT REFINED BUT NOT CHEMICALLY MODIFIED,1504204000
TILAPIAS CATFISH CARP EELS NILE PERCH SNAKEHEADS OTHER THAN FILLETS FRESH OR CHILLED,304510190
SHRIMPS AND PRAWNS FROZEN PEELED IMPORTED IN ACCORDANCE WITH STATISTICAL NOTE 1 TO THIS CHAPTER OTHER THAN COLD-WATER,306170040
ATLANTIC OCEAN PERCH (ROSEFISH) FILLETS FROZEN NESOI,304895035
MACKEREL (SCOMBER SCOMBRUS SCOMBER AUSTRALASICUS SCOMBER JAPONICUS) FROZEN EXCEPT FILLETS LIVERS AND ROES,303540000
SWORDFISH FROZEN IN BULK OR IN IMMEDIATE CONTAINERS WEIGHING WITH THEIR CONTENTS OVER 6.8 KG EACH,304911000
SOLE (SOLEA SPP.) FRESH OR CHILLED EXCEPT FILLETS LIVERS AND ROES,302230000
POLLOCK WHOLE OR PROCESSED BY REMOVAL OF HEAD FINS VISCERA SCALES VERTEBRAL COLUMNS OR COMBINATION THEREOF SALTED NOT DRIED OR SMOKED; IN BRINE,305691022
FISH WHOLE OR IN PIECES BUT NOT MINCED IN OIL IN AIRTIGHT CONTAINERS NESOI,1604193200
MULLET ROE FROZEN,303914060
JACK AND HORSE MACKEREL  FRESH/CHILLED SCALED IN IMMEDIATE CONTAINERS WEIGHING WITH THEIR CONTENTS 6.8 KG OR LESS EXCEPT FILLETS LIVERS AND ROES,302451100
SALMON SALTED BUT NOT DRIED OR SMOKED; IN BRINE,305694000
TIALPIA CATFISHEELSNILE PERCH AND SNAKEHEADS FISH DRIED WHETHER OR NOT SALTED BUT NOT SMOKED,305520000
SOCKEYE (RED) SALMON (ONCORHYNCHUS NERKA) FROZEN EXCEPT FILLETS LIVERS AND ROES,303110000
BIGEYE TUNAS (THUNNUS OBESUS) FROZEN EXCEPT FILLETS LIVERS AND ROES,303440000
COLD-WATER SHRIMPS AND PRAWNS (PANDALUS SPP. CRANGON CRANGON) FROZEN SHELL-ON COUNT SIZE (HEADLESS WEIGHT) 111-132 PER KG (51-60S) STAT NOTE 1,306160021
DOGFISH OTHER SHARKS RAYS AND SKATES (RAJIDAE) FILLETS FROZEN,304880000
YELLOWFIN TUNAS (THUNNUS ALBACARES) FROZEN EXCEPT WHOLE HEAD-ON FILLETS LIVERS AND ROES,303420060
SNAKEHEADS FROZEN EXCEPT FILLETS LIVERS AND ROES,303290150
BIGEYE TUNAS (THUNNUS OBESUS) FRESH OR CHILLED EXCEPT FILLETS LIVERS AND ROES,302340000
LOBSTERS (HOMARUS SPP.) IN AIRTIGHT CONTAINERS IN BRINE FROZEN,306120010
OCEAN PERCH FRESH OR CHILLED EXCEPT FILLETS LIVERS AND ROES NESOI,302895055
TUNAS AND SKIPJACK IN OIL IN AIRTIGHT CONTAINERS NESOI,1604141099
SARDINES (SARDINA PILCHARDUS SARDINOPS SPP.) SARDINELLA (SARDINELLA SPP.) BRISLING OR SPRATS (SPRATTUS SPRATTUS) FRZN EXCEPT FILLET LIVER AND ROE,303530000
MOLLUSCS FIT FOR HUMAN CONSUMPTION LIVE FRESH OR CHILLED NESOI,307910290
DOGFISH (SQUALUS SPP.) FROZEN EXCEPT FILLETS LIVERS AND ROES,303810011
LOBSTER PRODUCTS CONTAINING FISH MEAT/PREPARED MEALS NESOI,1605300590
TURBOTS (PSETTA MAXIMA) FRESH OR CHILLED EXCLEPT FILLETS LIVERS AND ROES,302240000
FLOUNDER FILLETS FROZEN NESOI,304835020
ATLANTIC SALMON (SALMO SALAR) FRESH OR CHILLED EXCEPT FARMED FILLETS LIVERS AND ROES,302140004
HERRINGS EXCEPT FILLETS PICKLED,1604126030
PICKEREL MEAT OTHER THAN FILLETS FRESH OR CHILLED,304590020
ROCK LOBSTER AND OTHER SEA CRAWFISH (PALINURUS SPP. PANULIRUS SPP. JASUS SPP.) FROZEN NESOI,306110020
SKIPJACK TUNAS (EUTHYNNUS PELAMIS) OR STRIPE-BELLIED BONITO (KATSUWONUS PELAMIS) FROZEN EXCEPT FILLETS LIVERS AND ROES,303430000
CUSK MEAT OTHER THAN FILLETS FRESH OR CHILLED,304590070
COLD-WATER SHRIMPS AND PRAWNS (PANDALUS SPP. CRANGON CRANGON) FROZEN SHELL-ON COUNT SIZE (HEADLESS WEIGHT) 33-45 PER KG (15-20S) STAT NOTE 1,306160006
PICKEREL FILLETS SKINNED FROZEN BLOCKS OVER 4.5 KG EACH TO BE MINCED GROUND OR CUT INTO PIECES OF UNIFORM WEIGHTS AND DIMENSIONS,304891015
FISH ORNAMENTAL LIVE OTHER THAN FRESHWATER,301190000
HERRINGS (CLUPEA HARENGUS CLUPEA PALLASII) FROZEN EXCEPT FILLETS LIVERS AND ROES,303510000
COBIA FRESH OR CHILLED EXCLUDING LIVERS ROES FILLETS AND OTHER FISH MEAT OF HEADING 0304 NESOI,302465000
SHRIMPS AND PRAWNS (PANDALUS SPP. CRANGON CRANGON) FROZEN SHELL-ON COUNT SIZE (HEADLESS WEIGHT) 46-55 PER KG (21-25S) STAT NOTE 1 NESOI,306170009
BONITO (SARDA SPP.) PREPARED OR PRESERVED NOT IN OIL,1604148000
EELS (ANGUILLA SPP.) FRESH OR CHILLED EXCEPT FILLETS LIVERS AND ROES,302740000
SMELTS FROZEN EXCEPT FILLETS LIVERS AND ROES,303890004
SOCKEYE SALMON NOT IN OIL CANNED,1604114030
COHO (SILVER) SALMON FRESH OR CHILLED EXCEPT FARMED FILLETS LIVERS AND ROES,302130054
DOLPHIN FISH (MAHI MAHI) (CORYPHAENA SPP.) FRESH OR CHILLED EXCLUDING LIVERS ROES FILLETS AND OTHER FISH MEAT OF HEADING 0304 NESOI,302895072
OTHER SQUID LOLIGO PEALEI FROZEN (EXCEPT FILLETS) DRIED SALTED OR IN BRINE,307430024
CLAMS PREPARED OR PRESERVED NESOI,1605563000
HERRINGS IN TOMATO SAUCE SMOKED OR KIPPERED AND IN IMMEDIATE CONTAINERS WEIGHING WITH THEIR CONTENTS OVER 0.45 KG EACH,1604124000
COBIA FROZEN EXCEPT FILLETS LIVERS AND ROES,303560000
SNOW CRABMEAT C. OPILIO (SMALL) PREPARED FROZEN,1605104005
PINK (HUMPIE) SALMON WHOLE OR IN PIECES BUT NOT MINCED IN OIL IN AIRTIGHT CONTAINERS,1604112020
HERRINGS (CLUPEA HARENGUS CLUPEA PALLASII) BONELESS SMOKED,305420050
TILAPIA (OREOCHROMIS) MEAT OTHER THAN FILLETS FRESH OR CHILLED,304510125
ALBACORE OR LONGFINNED TUNAS (THUNNUS ALALUNGA) FRESH OR CHILLED EXCEPT FILLETS LIVERS AND ROES,302310000
PIKE PERCH (INCLUDING YELLOW PIKE) FILLETS AND OTHER MEAT FRESH OR CHILLED,304590006
SOUTHERN BLUEFIN TUNAS (THUNNUS MACCOYII) FROZEN EXCEPT FILLETS LIVERS AND ROES,303460000
ATLANTIC SALMON (SALMO SALAR) AND DANUBE SALMON (HUCHO HUCHO) FROZEN EXCEPT FILLETS LIVERS AND ROES,303130000
CATFISH FRESH OR CHILLED EXCEPT FILLETS LIVERS AND ROES NESOI,302725034
CLAMS LIVE FRESH OR CHILLED EXCEPT GEODUCK CLAMS,307710070
SHRIMP AND PRAWN PRODUCTS CONTAINING FISH MEAT; PREPARED MEALS IN AIRTIGHT CONTAINERS,1605290500
SOUTHERN BLUEFIN TUNAS (THUNNUS MACCOYII) FRESH OR CHILLED EXCEPT FILLETS LIVERS AND ROES,302360000
CHUM (DOG) SALMON FRESH OR CHILLED EXCEPT FILLETS LIVERS AND ROES,302130022
ALBACORE OR LONGFINNED TUNAS (THUNNUS ALALUNGA) FROZEN EXCEPT FILLETS LIVERS AND ROES,303410000
TROUT (SALMO TRUTTA; ONCORHYNCHUS MYKISS CLARKI AGUABONITA GILAE APACHE AND CHRYSOGASTER) FROZEN EXCEPT FILLETS LIVERS AND ROES,303140000
SURIMI FROZEN IN BULK OR IN IMMEDIATE CONTAINERS WEIGHING WITH THEIR CONTENTS OVER 6.8 KG EACH EXCEPT ALASKA POLLOCK NESOI,304991104
MACKEREL FILLETS DRIED SALTED OR IN BRINE IN IMMEDIATE CONTAINERS WEIGHING WITH THEIR CONTENTS 6.8 KG OR LESS EACH NOT SMOKED,305394000
FISH PASTES,1604201000
HAKE FRESH OR CHILLED EXCEPT FILLETS LIVERS AND ROES NESOI,302545000
FISH WHOLE OR IN PIECES BUT NOT MINCED SHARK FINS OTHER NESOI,1604189000
POLLOCK MEAT FROZEN IN BULK OR IN IMMEDIATE CONTAINERS WEIGHING WITH THEIR CONTENTS OVER 6.8 KG EACH NOT MINCED,304951030
CRABMEAT NESOI,306932000
EEL FISH STICKS & SIMILAR PRODUCTS FILLETS OR OTHER PORTIONS OF FISH IF BREADED COATED WITH BATTER OR SIMILARLY PREPARED NEITHER COOKED NOR IN OIL,1604174000
PACIFIC ATLANTIC & DANUBE SALMON FILLETSSKINNEDFZWGT OVER 4.5 KG EACHTO BE MINCED GROUND OR CUT TO PIECES OF UNIFORM WEIGHTS & DIMENSIONS NESOI,304811000
BUTTERFISH FROZEN EXCEPT FILLETS LIVERS AND ROES,303890055
SKIPJACK OR STRIPE-BELLIED BONITO TUNAS (EUTHYNNUS (KATSUWONUS) PELAMIS) FRESH OR CHILLED EXCEPT FILLETS LIVERS AND ROES,302330000
SABLE FISH (ANOPLOPOMA FIMBRIA) FROZEN EXCEPT FILLETS LIVERS AND ROES,303890061
GOLDFISH (CARASSIUS AURATUS) AND CRUCIAN CARP (CARASSIUS CARASSIUS) LIVE,301110020
PLAICE (PLEURONECTES PLATESSA) FROZEN EXCEPT FILLETS LIVERS AND ROES,303320000
ALASKA POLLOCK (THERAGRA CHALCOGRAMMA) FROZEN EXCLUDING LIVERS ROES FILLETS AND OTHER FISH MEAT OF HEADING 0304,303670000
SHARK FINS DRIED OR SMOKED,305710000
COLD-WATER SHRIMPS AND PRAWNS (PANDALUS SPP. CRANGON CRANGON) LIVE FRESH OR CHILLED SHELL-ON,306350020
GREENLAND TURBOT (GREENLAND HALIBUT; REINHARDTIUS HIPPOGLOSSOIDES) FROZEN EXCEPT FILLETS LIVERS AND ROES,303310030
LOLIGO SQUID LIVE FRESH OR CHILLED,307420020
HERRING ROE DRIED SMOKED SALTED OR IN BRINE,305204040
HADDOCK (MELANOGRAMMUS AEGLEFINUS) FRESH OR CHILLED EXCEPT FILLETS LIVERS AND ROES,302520000
FRESH-WATER FISH MEAT FROZEN IN BULK OR IN IMMEDIATE CONTAINERS WEIGHING WITH THEIR CONTENTS OVER 6.8 KG EACH NOT MINCED,304991184
FISH LIVE NESOI,301990390
SOLE FILLETS FROZEN NESOI,304835015
NILE PERCH FRESH OR CHILLED EXCEPT FILLETS LIVERS AND ROES,302795025
SHRIMPS AND PRAWNS (PANDALUS SPP. CRANGON CRANGON) FROZEN SHELL-ON COUNT SIZE (HEADLESS WEIGHT) LESS THAN 33 PER KG (15S) STAT NOTE 1 NESOI,306170003
ANCHOVIES FRESH OR CHILLED EXCLUDING LIVERS ROES FILLETS AND OTHER FISH MEAT OF HEADING 0304,302420000
SWORDFISH (XIPHIAS GLADIUS) FISH MEAT OTHER THAN FILLETS FRESH OR CHILLED NES,304540000
LOBSTER MEAT COOKED BY STEAMING OR BOILING IN WATER AND OUT OF SHELL BUT NOT FURTHER PREPARED OR PRESERVED NOT FROZEN,1605301030
EELS (ANGUILLA SPP.) LIVE,301920000
SHRIMPS AND PRAWNS PREPARED OR PRESERVED NOT IN AIRTIGHT CONTAINERS NESOI,1605211050
SARDINES SMOKED NOT SKINNED OR BONED IN OIL IN AIRTIGHT CONTAINERS VALUED $1 OR MORE PER KG IN TIN-PLATE CONTAINERS $1.10 OR MORE IN OTHER CNTRS,1604131000
LOBSTER PRODUCTS CONTAINING FISH MEAT/PREPARED MEALS IN AIRTIGHT CONTAINERS,1605300510
OYSTERS SMOKED,1605514000
WHITEFISH FRESHWATER FRESH OR CHILLED EXCEPT FILLETS LIVERS AND ROES NESOI,302895031
SHARKS FROZEN EXCEPT DOGFISH FILLETS LIVERS AND ROES,303810091
POLLOCK FILLETS FROZEN EXCEPT ALASKA POLLOCK NESOI,304735000
CLAMS BOILED WHETHER WHOLE CHOPPED OR SALTED BUT NOT OTHERWISE PREP OR PRES IN IMMEDIATE CONTAINERS CONTENTS NOT OVER 680 GRAMS GROSS WEIGHT,1605561500
AKTA MACKEREL FROZEN EXCEPT FILLETS LIVERS AND ROES,303890046
ABALONE (HALIOTIS SPP.) PREPARED OR PRESERVED,1605576000
SQUID EXCEPT LOLIGO PREPARED OR PRESERVED,1605546030
PIKE AND PICKEREL FROZEN EXCEPT FILLETS LIVERS AND ROES,303890028
SHRIMPS AND PRAWNS FRESH OR CHILLED PEELED OTHER THAN COLD-WATER,306360040
SHRIMPS AND PRAWNS (PANDALUS SPP. CRANGON CRANGON) FROZEN SHELL-ON COUNT SIZE (HEADLESS WEIGHT) 133-154 PER KG (61-70S) STAT NOTE 1 NESOI,306170024
CONCH INCLUDING FLOURS MEALS AND PELLETS FIT FOR HUMAN CONSUMPTION FROZEN,307920030
HADDOCK AND CUSK WHOLE OR PROCESSED BY REMOVAL OF HEADS FINS VISCERA SCALES VERTEBRAL COLUMNS OR COMBINATION SALTED NOT DRIED/SMOKED; IN BRINE,305691029
ABALONE LIVE FRESH OR CHILLED,307810000
ORANGE ROUGHY (HOPLOSTETHUS ATLANTICUS) FILLETS FROZEN NESOI,304895050
HAKE (UROPHYCIS SPP.) FILLETS FROZEN NESOI,304745000
SOUTHERN RED SANTOLLA KING CRAB(LITHODES SANTOLLA FORMERLY L. ANTARCTICUS) FROZEN EXCEPT CRABMEAT,306144012
SWIMMING CRABMEAT(PORTUNIDAE) FROZEN NESOI,1605104030
PERCH AND PIKE PERCH (INCLUDING YELLOW PIKE) FROZEN EXCEPT FILLETS LIVERS AND ROES,303890031
SQUID FILLETS FROZEN,307430010
SEA URCHIN ROE FRESH OR CHILLED,308210021
ATLANTIC POLLOCK (POLLACHIUS VIRENS) FROZEN EXCEPT FILLETS LIVERS AND ROES,303650000
COD HAVING A MOISTURE CONTENT BY WEIGHT OVER 45% BUT NOT OVER 50% SALTED BUT NOT DRIED OR SMOKED; IN BRINE NESOI,305620060
STURGEON ROE DRIED SMOKED SALTED OR IN BRINE,305202000
BASS FRESHWATER FRESH OR CHILLED EXCEPT FILLETS LIVERS AND ROES NESOI,302895028
CHUM (DOG) SALMON (ONCORHYNCHUS KETA) FROZEN EXCEPT FILLETS LIVERS AND ROES,303120022
PLAICE MEAT OTHER THAN FILLETS FRESH OR CHILLED,304590045
TOOTHFISH (DISSOSTICHUS SPP) FILLETS FRESH OR CHILLED,304460000
SNAIL (OTHER THAN SEA SNAIL) PRODUCTS CONTAINING FISH MEAT; PREPARED MEALS,1605580500
OCTOPUS PREPARED OR PRESERVED NESOI,1605556000
COD (GADUS MORHUA GADUS OGAC GADUS MACROCEPHALUS) FILLETS FROZEN,304715000
FROZEN STROMBOID CONCHS (STROMBUS SPP.),307840000
TILAPIAS FRESH OR CHILLED SCALED IN IMMEDIATE CONTAINERS WEIGHING WITH THEIR CONTENTS 6.8 KG OR LESS EXCEPT FILLETS LIVERS AND ROES,302711100
FISH STICKS & SIMILAR PRODUCTS FILLETS OR OTHER PORTIONS OF FISH IF BREADED COATED WITH BATTER OR SIMILARLY PREPARED NEITHER COOKED NOR IN OILNES,1604194100
GROUPER FRESH OR CHILLED EXCEPT FILLETS LIVERS AND ROES NESOI,302895061
PIKE MEAT OTHER THAN FILLETS FRESH OR CHILLED,304590015
SCALLOPS PREPARED OR PRESERVED,1605526000
FROZEN ABALONE INCLUDING FLOURS MEALS AND PELLETS FIT FOR HUMAN CONSUMPTION,307830000
MACKEREL SALTED BUT NOT DRIED OR SMOKED; IN BRINE NOT IN IMMEDIATE CONTAINERS WEIGHING WITH THEIR CONTENTS 6.8 KG OR LESS EACH,305693000
COLD-WATER SHRIMPS AND PRAWNS (PANDALUS SPP. CRANGON CRANGON) FROZEN SHELL-ON COUNT SIZE (HEADLESS WEIGHT) 67-88 PER KG (31-40S) STAT NOTE 1,306160015
SOCKEYE (RED) SALMON FRESH OR CHILLED EXCEPT FILLETS LIVERS AND ROES,302130042
LINGCOD (OPHIODON ELONGATUS) FRESH OR CHILLED EXCEPT FILLETS LIVERS AND ROES NESOI,302895064
FISH FILLETS SKINNED FROZEN BLOCKS WEIGHING OVER 4.5 KG EACH TO BE MINCED GROUND OR CUT INTO PIECES OF UNIFORM WEIGHTS AND DIMENSIONS NESOI,304891090
SHAD AND STURGEON FROZEN EXCEPT FILLETS LIVERS AND ROES,303890013
TILAPIA (OREOCHROMIS) FILLETS FRESH OR CHILLED,304310000
AQUATIC INVERTEBRATES OTHER THAN CRUSTACEANS AND MOLLUSCS INCLUDING FLOURS MEALS AND PELLETS FIT FOR HUMAN CONSUMPTION NESOI,308900000
TUNAS AND SKIPJACKS PREPARED OR PRESERVED NOT IN AIRTIGHT CONTAINERS NOT IN OIL IN BULK OR IMMEDIATE CONTAINERS WITH THEIR CONTENTS OVER 6.8 KG EA,1604144000
RAZOR CLAMS (SILIQUA PATULA) IN AIRTIGHT CONTAINERS,1605561000
PREPARED MEALS CONTAINING MEAT OF CRUSTACEANS MOLLUSCS OR OTHER AQUATIC INVERTEBRATES,1604200510
GREENLAND TURBOT (GREENLAND HALIBUT; REINHARDTIUS HIPPOGLOSSOIDES) FILLETS FROZEN NESOI,304835010
SHRIMPS AND PRAWNS (PANDALUS SPP. CRANGON CRANGON) FROZEN SHELL-ON COUNT SIZE (HEADLESS WEIGHT) 33-45 PER KG (15-20S) STAT NOTE 1 NESOI,306170006
CARIBBEAN SPINY LOBSTER (PANULIRUS ARGUS) FROZEN,306110010
COD (GADUS MORHUA GADUS OGAC GADUS MACROCEPHALUS) DRIED WHETHER OR NOT SALTED BUT NOT SMOKED,305510000
CARP LIVE NESOI,301930290
TROUT FILLETS SKINNED FROZEN BLOCKS WEIGHING OVER 4.5 KG EACH TO BE MINCED GROUND OR CUT INTO PIECES OF UNIFORM WEIGHTS AND DIMENSIONS,304821000
OCEAN FISH MEAT FROZEN NESOI,304999190
FISH BALLS CAKES AND PUDDINGS NESOI,1604203000
NILE PERCH FILLETS FROZEN,304630000
SALMON WHOLE OR IN PIECES BUT NOT MINCED NESOI,1604114050
SARDINES SARDINELLA AND BRISLING OR SPRATS NESOI IN IMMEDIATE CONTAINERS WEIGHING WITH THEIR CONTENTS UNDER 225 GRAMS EACH,1604134000
ALASKAN POLLOCK (THERAGRA CHALCOGRAMMA) ROES FROZEN,303914050
OCEAN PERCH FROZEN EXCEPT FILLETS LIVERS AND ROES,303890064
PERCH MEAT OTHER THAN FILLETS FRESHWATER FRESH OR CHILLED EXCEPT YELLOW OR PIKE,304590009
SHRIMPS AND PRAWNS FROZEN IN AIRTIGHT CONTAINERS,1605291010
PACIFIC SALMON (ONCORHYNCHUS SPP.) ATLANTIC SALMON (SALMO SALAR) AND DANUBE SALMON (HUCHO HUCHO) INCLUDING FILLETS SMOKED,305410000
FISH FROZEN EXCEPT FILLETS LIVERS AND ROES NESOI,303890080
PIKE PERCH (INCLUDING YELLOW PIKE) FRESH OR CHILLED EXCEPT FILLETS LIVERS AND ROES NESOI,302895013
FISH STICKS AND SIMILAR PRODUCTS OF MINCED FISH OF ANY SIZE OR SHAPE IF BREADED COATED WITH BATTER OR SIMILARLY PREPARED PRE-COOKED AND FROZEN,1604205010
MOLLUSCS INCLUDING FLOURS MEALS AND PELLETS FIT FOR HUMAN CONSUMPTION NESOI,307990200
CRABMEAT PREPARED OR PRESERVED IN AIRTIGHT CONTAINERS NESOI,1605102090
ALBACORE TUNA NOT IN OIL IN FOIL/FLEXIBLE AIRTIGHT CONTAINERWEIGHING NOT OVER 6.8 KG 4.8% OF U S CONSUMPTION OF CANNED TUNA DURING PRECEDING YEAR,1604142251
SILURIFORMES FILLETS FROZEN NESOI,304620030
SNOW CRABMEAT PREPARED NESOI IN AIRTIGHT CONTAINERS,1605102025
CAVIAR SUBSTITUTES BOILED AND IN AIRTIGHT CONTAINERS,1604323000
OTHER TUNAS AND SKIPJACK NOT IN OIL IN AIRTIGHT CONTAINERS NESOI,1604143099
SHRIMPS AND PRAWNS PREPARED OR PRESERVED IN AIRTIGHT CONTAINERS NESOI,1605291040
POLLOCK SALTED BUT NOT DRIED OR SMOKED; IN BRINE NESOI,305691042
SMOKED TROUT INCLUDING FILLETS OTHER THAN EDIBLE OFFAL,305430000
FLOURS MEALS AND PELLETS OF CRUSTACEANS FRESH OR CHILLED FIT FOR HUMAN CONSUMPTION OR OTHER CRUSTACEANS LIVE FRESH OR CHILLED,306390000
COD HAVING A MOISTURE CONTENT BY WEIGHT NOT OVER 43% SALTED BUT NOT DRIED OR SMOKED; IN BRINE NESOI,305620080
YELLOWFIN TUNAS (THUNNUS ALBACARES) FRESH OR CHILLED EXCEPT FILLETS LIVERS AND ROES,302320000
EELS WHOLE OR IN PIECES NOT MINCED IN OIL AND IN BULK OR IN IMMEDIATE CONTAINERS WEIGHING WITH THEIR CONTENTS OVER 7 KG EACH,1604176000
TURBOT FILLETS SKINNED FROZEN BLOCKS OVER 4.5 KG TO BE MINCED GROUND OR CUT INTO PIECES OF UNIFORM WEIGHTS AND DIMENSIONS EXCEPT GREENLAND TURBOT,304831030
FRESHWATER FISH MEAT OTHER THAN FILLETS FRESH OR CHILLED NESOI,304590036
BLUEFIN TUNAS (THUNNUS THYNNUS) FROZEN EXCEPT FILLETS LIVERS AND ROES,303450110
HERRINGS (CLUPEA HARENGUS CLUPEA PALLASII) SMOKED NESOI,305420060
TILAPIA FILLETS FROZEN,304610000
ANCHOVIES PREPARED OR PRESERVED NESOI IN IMMEDIATE CONTAINERS WEIGHING WITH THEIR CONTENTS 6.8 KG OR LESS EACH,1604164000
YELLOWFIN SOLE (PLEURONECTES ASPER) FROZEN EXCEPT FILLETS LIVERS AND ROES,303390130
ATLANTIC SALMONIDAE (SALMO SALAR) FILLETS FROZEN NESOI,304815010
JACK AND HORSE MACKEREL FRESH OR CHILLED EXCLUDING LIVERS ROES FILLETS AND OTHER FISH MEAT OF HEADING 0304,302455000
NORWAY LOBSTERS (NEPHROPS NORVEGICUS) NESOI,306940000
CRAB PRODUCTS CONTAINING FISH MEAT; PREPARED MEALS; IN AIRTIGHT CONTAINERS,1605100510
SOLE MEAT OTHER THAN FILLETS FRESH OR CHILLED,304590040
HERRINGS KIPPER SNACKS,1604126050
ATLANTIC OCEAN PERCH (ROSEFISH) FILLETS SKINNED BLOCKS WEIGHING OVER 4.5 KG TO BE MINCED GROUND OR CUT INTO PIECES OF UNIFORM WEIGHTS & DIMENSIONS,304891025
CHINOOK (KING) SALMON FARMED FRESH OR CHILLED EXCEPT FILLETS LIVERS AND ROES,302130013
ALASKA POLLOCK FRESH OR CHILLED EXCLUDING LIVERS ROES FILLETS AND OTHER FISH MEAT OF HEADING 0304 NESOI,302555000
FISH OF FAMILIES BREGMACEROTIDAE ETC; FRESH OR CHILLED EXCLUDING LIVERS ROES FILLETS AND OTHER FISH MEAT OF HEADING 0304 NESOI,302595090
BONITO YELLOWTAIL AND POLLOCK IN OIL IN AIRTIGHT CONTAINERS,1604192500
NILE PERCH FILLETS FRESH OR CHILLED,304330000
FISH FRESHWATER FROZEN EXCEPT FILLETS LIVERS AND ROES NESOI,303890043
FISH SALTED BUT NOT DRIED OR SMOKED; IN BRINE OTHER THAN EDIBLE FISH OFFAL NESOI,305696001
FISH FRESHWATER FRESH OR CHILLED EXCEPT FILLETS LIVERS AND ROES NESOI,302895034
MUSSELS (MYTILUS SPP. PERNA SPP.) FARMED LIVE FRESH OR CHILLED,307310010
LOBSTERS FROZEN NOT IN BRINE NOT IN AIRTIGHT CONTAINERS,306120070
HERRINGSANCHOVIESSARDINESSARDINELLABRISLING/SPRATSMACKERELINDIAN MACKSEERFSHJACK/HORSE MACK DRIED WHETHER OR NOT SALTED BUT NOT SMOKED,305540000
EELS WHOLE OR IN PIECES BUT NOT MINCED PREPARED OR PRESERVED NESOI,1604178000
LOBSTERS (HOMARUS SPP.) FRESH OR CHILLED EXCEPT ROCK LOBSTER,306320090
DOLPHIN FISH (MAHI MAHI; CORYPHAENA SPP.) FILLETS FROZEN NESOI,304895055
OTHER CRABMEAT PREPARED OR PRESERVED FROZEN NESOI,1605104035
PLAICE (PLEURONECTES PLATESSA) FRESH OR CHILLED EXCEPT FILLETS LIVERS AND ROES,302220000
SHRIMPS AND PRAWNS (PANDALUS SPP. CRANGON CRANGON) FROZEN SHELL-ON COUNT SIZE (HEADLESS WEIGHT) 111-132 PER KG (51-60S) STAT NOTE 1 NESOI,306170021
FISH OF FAMILIES BREGMACEROTIDAE EUCLICHTHYIDAE GADIDAE MACROURIDAEMELANONIDAEMERCLUCCIIDAEMORIDAE&MURAENOLEPIDIDAEOTH/THAN CODDRIEDWHTH/NOT,305530000
COLD-WATER SHRIMPS AND PRAWNS FROZEN PEELED IMPORTED IN ACCORDANCE WITH STATISTICAL NOTE 1 TO THIS CHAPTER,306160040
FRESHWATER FISH ORNAMENTAL LIVE NESOI,301110090
FLOURS MEALS AND PELLETS OF FISH FIT FOR HUMAN CONSUMPTION IN BULK OR IN IMMEDIATE CONTAINERS WEIGHING WITH THEIR CONTENTS OVER 6.8 KG EACH,305102000
JACK AND HORSE MACKEREL FROZEN EXCEPT FILLETS LIVERS AND ROES,303550000
ROCK LOBSTER AND OTHER SEA CRAWFISH (PALINURUS SPP. PANULIRUS SPP.  JASUS SPP) NESOI,306910000
TILAPIA CARFISH CARP EELS NILE PERCH SNAKEHEAD  SALTED BUT NOT DRIED OR SMOKED; IN BRINE OTHER THAN EDIBLE FISH OFFAL NESOI,305645000
TOOTHFISH FROZEN IN BULK OR IN IMMEDIATE CONTAINERS WEIGHING WITH THEIR CONTENTS OVER 6.8 KG EACH,304921000
COBIA FRESH OR CHILLED SCALED IN IMMEDIATE CONTAINERS WEIGHING WITH THEIR CONTENTS 6.8 KG OR LESS EXCEPT FILLETS LIVERS AND ROES,302461100
SNAILS OTHER THAN SEA SNAILS PREPARED OR PRESERVED,1605585500
HERRING FILLETS DRIED SALTED OR IN BRINE BUT NOT SMOKED NESOI,305396110
COLD-WATER SHRIMPS AND PRAWNS (PANDALUS SPP. CRANGON CRANGON) FROZEN SHELL-ON COUNT SIZE (HEADLESS WEIGHT) 46-55 PER KG (21-25S) STAT NOTE 1,306160009
DUNGENESS CRABS FROZEN EXCEPT CRABMEAT,306144030
SHARKS FRESH OR CHILLED EXCEPT DOGFISH FILLETS LIVERS AND ROES,302810091
ABALONE INCLUDING FLOURS MEALS AND PELLETS FIT FOR HUMAN CONSUMPTION DRIED SALTED OR IN BRINE,307870000
HADDOCK FILLETS FROZEN NESOI,304725000
EELS (ANGUILLA SPP.) FROZEN EXCEPT FILLETS LIVERS AND ROES,303260000
COCKLES AND ARKSHELLS PREPARED OR PRESERVED NESOI,1605566000
CATFISH (SILURUS SPP. OR CLARIAS SPP.) FROZEN EXCEPT FILLETS LIVERS AND ROES NESOI,303240050
HAKE FILLETS FRESH OR CHILLED,304440030
HERRINGS (CLUPEA HARENGUS CLUPEA PALLASII) FRESH OR CHILLED EXCEPT FILLETS LIVERS AND ROES,302410000
LOBSTERS (HOMARUS SPP.) LIVE EXCEPT ROCK LOBSTER,306320010
WHITEFISH MEAT OTHER THAN FILLETS FRESH OR CHILLED,304590025
RAYS AND SKATES (RAJIDAE) FRESH OR CHILLED,304570000
SALMONIDAE FILLETS FROZEN EXCEPT ATLANTIC SALMON NESOI,304815090
CATFISH FRESH OR CHILLED SCALED IN IMMEDIATE CONTAINERS WEIGHING WITH THEIR CONTENTS 6.8 KG OR LESS EXCEPT FILLETS LIVERS AND ROES,302721100
TUNAS (OF THE GENUS THUNNUS) FROZEN EXCEPT FILLETS LIVERS AND ROES NESOI,303490200
ANCHOVIES (ENGRAULIS SPP.) IN AIRTIGHT CONTAINERS WEIGHING WITH THEIR CONTENTS 6.8 KG OR LESS EACH SALTED BUT NOT DRIED OR SMOKED; IN BRINE,305632000
POLLOCK FRESH OR CHILLED EXCEPT ALANTIC POLLOCK EXCEPT FILLETS LIVERS AND ROES NESOI,302595010
MOLLUSCS PRODUCTS CONTAINING FISH MEAT; PREPARED MEALS NESOI,1605590500
DOGFISH FILLETS AND OTHER SHARK FILLETS FRESH OR CHILLED,304470000
MUSSELS (MYTILUS SPP. PERNA SPP.) LIVE FRESH OR CHILLED NOT FARMED,307310090
ALASKA POLLOCK (THERAGRA CHALCOGRAMMA) FILLETS FROZEN NESOI,304755000
KOI (COMMON) CARP (CYPRINUS CARPIO) LIVE,301110010
SARDINES SARDINELLA AND BRISLING OR SPRATS SKINNED OR BONED IN OIL IN AIRTIGHT CONTAINERS,1604133000
COLD-WATER SHRIMPS AND PRAWNS (PANDALUS SPP. CRANGON CRANGON) FROZEN SHELL-ON COUNT SIZE (HEADLESS WEIGHT) 133-154 PER KG (61-70S) STAT NOTE 1,306160024
CARP FRESH OR CHILLED EXCLUDING LIVERS ROES FILLETS AND OTHER FISH MEAT OF HEADING 0304 NESOI,302735000
HADDOCK (MELANOGRAMMUS AEGLEFINUS) FROZEN EXCEPT FILLETS LIVERS AND ROES,303640000
SALMON NESOI WHOLE OR IN PIECES BUT NOT MINCED IN OIL IN AIRTIGHT CONTAINERS,1604112090
FISH HEADS TAILS AND MAWS,305720000
TUNAS (OF GENUS THUNNUS) FRESH OR CHILLED EXCEPT FILLETS LIVERS AND ROES NESOI,302390200
SHRIMPS AND PRAWNS LIVE FRESH OR CHILLED SHELL-ON OTHER THAN COLD-WATER,306360020
SHAD AND STURGEON FRESH OR CHILLED EXCEPT FILLETS LIVERS AND ROES NESOI,302895049
FRESHWATER FISH FILLETS FROZEN NESOI,304895030
FISH-LIVER OILS EXCEPT COD AND THEIR FRACTIONS WHETHER OR NOT REFINED BUT NOT CHEMICALLY MODIFIED,1504104000
SOLE (SOLEA SPP.) FROZEN EXCEPT FILLETS LIVERS AND ROES,303330000
TILAPIAS FRESH OR CHILLED EXCEPT FILLETS LIVERS AND ROES NESOI,302715000
SHRIMPS AND PRAWNS (PANDALUS SPP. CRANGON CRANGON) FROZEN SHELL-ON COUNT SIZE (HEADLESS WEIGHT) 67-88 PER KG (31-40S) STAT NOTE 1 NESOI,306170015
WHITING (MERLUCCIUS SPP.) AND HAKE (UROPHYCIS SPP.) FROZEN EXCEPT FILLETS LIVERS AND ROES,303660000
OTHER EDIBLE FISH OFFAL FROZEN NESOI,303990000
ANTARCTIC KRILL (EUPHAUSIA SUPERBA) FROZEN; FLOURS MEALS AND PELLETS FIT FOR HUMAN CONSUMPTION,306190030
YELLOW PERCH FILLETS AND OTHER MEAT FRESH OR CHILLED,304590003
SALMON ROE DRIED SMOKED SALTED OR IN BRINE,305204020
TROUT FILLETS FRESH OR CHILLED,304420000
NILE PERCH MEAT OTHER THAN FILLETS FRESH OR CHILLED,304510120
FISH WHOLE OR IN PIECES BUT NOT MINCED PREPARED OR PRESERVED NESOI,1604198200
CUSK FILLETS FROZEN NESOI,304895060
FISH WHOLE OR IN PIECES NOT MINCED IN OIL AND IN BULK OR IN IMMEDIATE CONTAINERS WEIGHING WITH THEIR CONTENTS OVER 7 KG EACH NESOI,1604196100
STROMBOID CONCHS (STROMBUS SPP.) LIVE FRESH OR CHILLED,307820000
MUSSELS PREPARED OR PRESERVED NESOI,1605536000
FISH STICKS AND SIMILAR PRODUCTS OF MINCED FISH OF ANY SIZE OR SHAPE IF BREADED COATED WITH BATTER OR SIMILARLY PREPARED NESOI,1604205090
CAVIAR SUBSTITUTES NESOI,1604324000
MACKEREL (SCOMBER SCOMBRUS SCOMBER AUSTRALASICUS SCOMBER JAPONICUS) FRESH OR CHILLED EXCEPT FILLETS LIVERS AND ROES,302440000
COCKLES AND ARK SHELLS LIVE FRESH OR CHILLED,307710090
TURBOTS FROZEN EXCEPT FILLETS LIVERS AND ROES,303340000
SHRIMPS AND PRAWNS PREPARED NESOI FROZEN,1605211030
SWORDFISH (XIPHIAS GLADIUS) FILLETS FRESH OR CHILLED,304450000
SALMONIDAE FROZEN EXCEPT FILLETS LIVERS AND ROES NESOI,303190100
SURIMI OF ALASKA POLLOCK FROZEN IN BULK OR IN IMMEDIATE CONTAINERS WEIGHING WITH THEIR CONTENTS OVER 6.8 KG EACH,304941005
SQUID LOLIGO PEALEI FROZEN (EXCEPT FILLETS) DRIED SALTED OR IN BRINE,307490124
DOGFISH (SQUALUS SPP.) FRESH OR CHILLED EXCEPT FILLETS LIVERS AND ROES,302810011
TUNA ALBACORE (THUNNUS ALALUNGA) NOT IN OIL IN FOIL OR OTHER FLEXIBLE AIRTIGHT CONTAINERS WEIGHING WITH CONTENTS NOT MORE THAN 6.8 KG EACH NESOI,1604143051
TUNASNESOI & SKIPJACK NOT IN OIL IN OTHER AIRTIGHT CONTAINERS NOT OVER 7 KG 4.8% OF U S CONSUMPTION OF CANNED TUNA DURING PRECEDING YEAR,1604142299
FISH MEAT OTHER THAN FILLETS FRESH OR CHILLED NOT FRESHWATER NESOI,304590091
SARDINES (SARDINA PILCHARDUS SARDINOPS SPP.) SARDINELLA (SARDINELLA SPP.) BRISLING OR SPRATS (SPRATTUS SPRATTUS) FR/CH EXCEPT FILLET LIVER ROE,302430000
AQUATIC INVERTEBRATES PREPARED OR PRESERVED NESOI,1605690000
CHINOOK (KING) SALMON (ONCORHYNCHUS TSCHAWYTSCHA) FROZEN EXCEPT FILLETS LIVERS AND ROES,303120012
PRODUCTS CONTAINING MEAT OF CRUSTACEANS MOLLUSCS OR OTHER AQUATIC INVERTEBRATES NESOI,1604200590
FLATFISH FILLETS FROZEN NESOI,304835090
HERRINGS (CLUPEA HARENGUS CLUPEA PALLASII) SALTED IN IMMEDIATE CONTAINERS WEIGHING WITH CONTENTS 6.8 KG OR LESS NOT DRIED OR SMOKED OR IN BRINE,305612000
TOOTHFISH (DISSOSTICHUS SPP) FRESH OR CHILLED EXCLUDING FILLETS,304550000
COLD-WATER SHRIMPS AND PRAWNS (PANDALUS SPP. CRANGON CRANGON) FROZEN SHELL-ON COUNT SIZE (HEADLESS WEIGHT) LESS THAN 33 PER KG (15S) STAT NOTE 1,306160003
LOBSTER PREPARED OR PRESERVED NESOI IN AIRTIGHT CONTAINERS,1605301050
FISH FRESH OR CHILLED OTHER THAN FRESHWATER EXCLUDING LIVERS ROES FILLETS AND OTHER FISH MEAT OF HEADING 0304 NESOI,302895077
EELS IN AIRTIGHT CONTAINERS,1604171000
COLD-WATER SHRIMPS AND PRAWNS (PANDALUS SPP. CRANGON CRANGON) FRESH OR CHILLED PEELED,306350040
TILAPIA OTHER THAN OREOCHROMIS FILLETS FRESH OR CHILLED,304490112
TILAPIA (OREOCHROMIS SPP.) FROZEN EXCEPT FILLETS LIVERS AND ROES,303230000
SEA SMELTS FROZEN EXCEPT FILLETS LIVERS AND ROES,303890001
KING CRABMEAT PREPARED IN AIRTIGHT CONTAINERS,1605102010
COD HAVING A MOISTURE CONTENT BY WEIGHT OVER 50 PERCENT SALTED BUT NOT DRIED OR SMOKED; IN BRINE NESOI,305620050
SQUID (OMMASTREPHES SPP. NOTOTODARUS SPP. SEPIOTEUTHIS SPP.) LIVE FRESH OR CHILLED EXCEPT LOLIGO SQUID,307420040
CRABS LIVE FRESH OR CHILLED OTHER THAN CRABMEAT,306334000
CRUSTACEANS OR FLOURS MEALS AND PELLETS OF CRUSTACEANS FIT FOR HUMAN CONSUMPTION FROZEN NESOI,306190061
HADDOCK AND CUSK SALTED BUT NOT DRIED OR SMOKED; IN BRINE NESOI,305691049
FISH STICKS AND SIMILAR PRODUCTS OF MINCED FISH OF ANY SIZE OR SHAPE IF BREADED COATED WITH BATTER OR SIMILARLY PREPARED NEITHER COOKED NOR IN OIL,1604204000
FISH BALLS CAKES AND PUDDINGS IN OIL,1604201500
MULLET FROZEN EXCEPT FILLETS LIVERS AND ROES,303890049
SWIMMING CRABMEAT (PORTUNIDAE) PREPARED/PRESERVED NESOI,1605102059
SOLE MEAT FROZEN IN BULK OR IN IMMEDIATE CONTAINERS WEIGHING WITH THEIR CONTENTS OVER 6.8 KG EACH NOT MINCED,304991150
TROUT (SALMO TRUTTA ONCORHYNCHUS MYKISS CLARKI AGUABONITA GILAE APACHE AND CHRYSOGASTER) LIVE,301910000
CRAB PRODUCTS CONTAINING FISH MEAT/PREPARED MEALS NESOI,1605100590
HALIBUT FILLETS FROZEN EXCEPT GREENLAND HALIBUT NESOI,304835025
TILAPIA CATFISH CARP EELS NILE PERCH AND SNAKEHEAD FISH MEAT FROZEN NESOI,304939000
OYSTERS EXCEPT SMOKED PREPARED OR PRESERVED,1605515000
MUSSELS (MYTILUS SPP. PERNA SPP.) FROZEN DRIED SALTED OR IN BRINE,307320000
FLATFISH MEAT (OTHER THAN FILLETS) FRESH OR CHILLED NESOI,304590061
YELLOW PERCH FILLETS FROZEN NESOI,304895003
RAY AND SKATE (RAJIDAE) FILLETS FRESH OR CHILLED,304480000
CLAM COCKLES AND ARKSHELL PRODUCTS CONTAINING FISH MEAT; PREPARED MEALS,1605560500
TILAPIA CATFISH CARP EELS NILE PERCH AND SNAKEHEAD FLOURSETCCONTS WEIGH W/THEIR CONTNTS 6.8 KG OR LESS EACH SALT BUT NOT DRIED/SMOKED; IN BRINE,305641000
MENHADEN FATS AND OILS AND THEIR FRACTIONS WHETHER OR NOT REFINED BUT NOT CHEMICALLY MODIFIED,1504206020
CRABS PREPARED OR PRESERVED NESOI,1605106090
SHRIMPS AND PRAWNS (PANDALUS SPP. CRANGON CRANGON) FROZEN SHELL-ON COUNT SIZE (HEADLESS WEIGHT) 89-110 PER KG (41-50S) STAT NOTE 1 NESOI,306170018
TOOTHFISH (DISSOSTICHUS SPP.) FROZEN EXCLUDING FISH FILLETS LIVERS AND ROES,303830000
ALASKA POLLOCK MINCED (OTHER THAN SURIMI) FROZEN IN BULK OR IN IMMEDIATE CONTAINERS WEIGHING WITH THEIR CONTENTS OVER 6.8 KG EACH,304941010
NILE PERCH FROZEN EXCEPT FILLETS LIVERS AND ROES,303290110
SHRIMPS AND PRAWNS PEELED NESOI,306950040
LOBSTERS IN BRINE FROZEN NOT IN AIRTIGHT CONTAINERS,306120050
HERRING FILLETS DRIED SALTED OR IN BRINE IN IMMEDIATE CONTAINERS WEIGHING WITH THEIR CONTENTS 6.8 KG OR LESS EACH NOT SMOKED,305392000
GREENLAND TURBOT (GREENLAND HALIBUT; REINHARDTIUS HIPPOGLOSSOIDES) FILLETS SKINNED FROZEN BLOCKS WEIGHING OVER 4.5 KG EACH TO BE MINCED GROUND ETC,304831010
PICKEREL FILLETS FRESH OR CHILLED,304490106
SNAILS OTHER THAN SEA SNAILS,307600000
CRUSTACEANS PEELED FRESHWATER CRAWFISH TAIL MEAT PREPARED OR PRESERVED NESOI,1605401010
SEA CUCUMBERS FIT FOR HUMAN CONSUMPTION LIVE FRESH OR CHILLED,308110000
ATLANTIC HALIBUT (HIPPOGLOSSUS HIPPOGLOSSUS) FRESH OR CHILLED EXCEPT FILLETS LIVERS AND ROES,302210010
OYSTER PRODUCTS CONTAINING FISH MEAT; PREPARED MEALS,1605510500
HERRINGS WHOLE OR IN PIECES BUT NOT MINCED IN OIL IN AIRTIGHT CONTAINERS,1604122000
PINK (HUMPIE) SALMON NOT IN OIL CANNED,1604114020
COD W/ MOISTURE CONTENT BY WEIGHT NOT OVER 43% WHOLE/PROCESSED BY REMOVAL OF HEADS/FINS/VISCERA/SCALES/VERTEBRAL COLS SALTED NOT DRD/SMKD; IN BRINE,305620045
OYSTERS FARMED OTHER THAN LIVE FRESH OR CHILLED,307190160
FISH OF THE FAMILIES BREGMACEROTIDAE EUCLICHTHYIDAE GADIDAE MAROURIDAE MELANONIDAE ETC. MEAT OTHER THAN FILLETS FRESH OR CHILLED NESOI,304530090
DUNGENESS CRABMEAT PREPARED FROZEN,1605104015
SEA BASS (DICENTRARCHUS LABRAX DICENTRARCHUS PUNCTATUS) FROZEN EXCEPT FILLETS LIVERS AND ROES,303840000
FISH FILLETS FROZEN NESOI,304895091
SMOKED FISH INCLUDING FILLETS OTHER THAN EDIBLE FISH OFFAL NESOI,305494045
INDIAN MACKRLSSEERFISHES JACKS CREVALLES SILVER POMFRETS PACIFIC SAURYSCADSCAPELINKAWAKAWA BONITOSMARLINSSAILFISHESSPEARFISHFRESH/CHILLED,302490000
LOLIGO SQUID FROZEN (EXCEPT FILLETS) DRIED SALTED OR IN BRINE NESOI,307490129
FISH BALLS CAKES AND PUDDINGS NOT IN OIL NOT IN AIRTIGHT CONTAINERS IN IMMEDIATE CONTAINERS WEIGHING WITH THEIR CONTENTS NOT OVER 6.8 KG EACH,1604202500
SAUGER FILLETS FROZEN NESOI,304895025
TUNAS ALBACORE IN OIL IN AIRTIGHT CONTAINERS NESOI,1604141091
SWORDFISH FRESH OR CHILLED EXCEPT SWORDFISH STEAKS FILLETS LIVERS AND ROES NESOI,302470090
FISH LIVERS AND ROES DRIED SMOKED SALTED OR IN BRINE NESOI,305204065
DANUBE SALMON (HUCHO HUCHO) FRESH OR CHILLED EXCEPT FILLETS LIVERS AND ROES,302140062
SEA CUCUMBERS PREPARED OR PRESERVED NESOI,1605610000
MACKEREL IN IMMEDIATE CONTAINERS WEIGHING WITH THEIR CONTENTS 6.8 KG OR LESS EACH SALTED BUT NOT DRIED OR SMOKED; IN BRINE,305692000
NORWAY LOBSTERS (NEPHROPS NORVEGICUS) FROZEN,306150000
COD FATS AND OILS AND ITS FRACTIONS EXCEPT LIVER OIL WHETHER OR NOT REFINED BUT NOT CHEMICALLY MODIFIED,1504202000
FISH LIVERS AND ROES FROZEN NESOI,303914095
CHINOOK (KING) SALMON FRESH OR CHILLED EXCEPT FARMED FILLETS LIVERS AND ROES,302130014
PACIFIC SALMON AND DANUBE SALMON FILLETS FRESH OR CHILLED,304410090
GOLDEN/BROWN KING CRAB(LITHODES AEQUISPINUS) FROZEN EXCEPT CRABMEAT,306144009
GREENLAND TURBOT (GREENLAND HALIBUT; REINHARDTIUS HIPPOGLOSSOIDES) FILLETS FRESH OR CHILLED,304430025
CUTTLE FISH (SEPIA OFFICINALIS ROSSIA MACROSOMA SEPIOLA SPP.) FROZEN DRIED SALTED OR IN BRINE,307490160
SNOW CRABMEAT C. OPILIO (SMALL) PREPARED IN AIRTIGHT CONTAINERS,1605102022
CRABMEAT FROZEN,306142000
SEA URCHINS INCLUDING FLOURS MEALS AND PELLETS FIT FOR HUMAN CONSUMPTION NESOI,308290100
PACIFIC SALMON (ONCORHYNCHUS NERKA ONCORHYNCH GORBUSCHA ETC) FRESH OR CHILLED EXCEPT FILLETS LIVERS AND ROES,302130062
ATLANTIC OCEAN PERCH FILLETS FRESH OR CHILLED,304490120
TILAPIA OTHER THAN OREOCHROMIS MEAT OTHER THAN FILLETS FRESH OR CHILLED,304590030
FISH STICKS AND SIMILAR PRODUCTS FILLETS OR OTHER PORTIONS OF FISH IF BREADED COATED WITH BATTER OR SIMILARLY PREPARED NESOI,1604195100
COD MEAT FROZEN IN BULK OR IN IMMEDIATE CONTAINERS WEIGHING WITH THEIR CONTENTS OVER 6.8 KG EACH NOT MINCED,304951020
CRABS OTHER THAN CRABMEAT NESOI,306934000
POLLOCK FILLETS FRESH OR CHILLED,304440025
OYSTERS LIVE FRESH OR CHILLED NOT FARMED EXCEPT SEED OYSTERS,307110080
TURBOT FILLETS FROZEN EXCEPT GREENLAND FILLETS NESOI,304835030
ICTALURUS SPP FILLETS FRESH OR CHILLED,304320010
CUTTLE FISH AND SQUID PRODUCTS CONTAINING FISH MEAT; PREPARED MEALS,1605540500
SHRIMPS AND PRAWNS (PANDALUS SPP. CRANGON CRANGON) FROZEN SHELL-ON COUNT SIZE (HEADLESS WEIGHT) MORE THAN 154 PER KG (70S) STAT NOTE 1 NESOI,306170027
SWORDFISH FROZEN NESOI,304919000
POLLOCK FILLETS SKINNED FROZEN BLOCKS WGT OVER 4.5 KG EA TO BE MINCED GROUND OR CUT INTO PIECES OF UNIFORM WEIGHTS & DIMENSIONS NESOI,304791010
FISH PREPARED OR PRESERVED NESOI,1604206090
SALMONIDAE FRESH OR CHILLED EXCEPT FILLETS LIVERS AND ROES NESOI,302190000
MUSSEL PRODUCTS CONTAINING FISH MEAT; PREPARED MEALS,1605530500
FISH OF FAMILIES BREGMAVEROTIDAE EUCLICHTHYIDAE GADIDAE ETC; FROZEN EXCEPT FILLETS LIVERS AND ROES NESOI,303690000
POLLOCK MEAT OTHER THAN FILLETS FRESH OR CHILLED,304530025
SEABREAM (SPARIDAE) FRESH OR CHILLED SCALED IN IMMEDIATE CONTAINERS WEIGHING WITH THEIR CONTENTS 6.8 KG OR LESS EXCEPT FILLETS LIVERS AND ROES,302851100
JELLYFISH PREPARED OR PRESERVED NESOI,1605630000
SOCKEYE SALMON WHOLE OR IN PIECES BUT NOT MINCED IN OIL IN AIRTIGHT CONTAINERS,1604112030
HERRING ROE FROZEN,303914020
ICTALURUS SPP FILLETS FROZEN,304620010
FLATFISH FILLETS FRESH OR CHILLED NESOI,304430090
ATLANTIC SALMON (SALMO SALAR) MEAT OTHER THAN FILLETS FRESH OR CHILLED EXCEPT FARMED,304520015
FISH LIVERS AND ROES FRESH OR CHILLED NESOI,302914090
YELLOWFIN TUNAS (THUNNUS ALBACARES) WHOLE FROZEN,303420020
PINK (HUMPIE) SALMON FRESH OR CHILLED EXCEPT FILLETS LIVERS AND ROES,302130032
MOLLUSCS PREPARED OR PRESERVED NESOI,1605596000
TROUT FILLETS FROZEN NESOI,304825000
OTHER STROMBOID CONCHS (STROMBUS SPP.),307880000
SCALLOPS INCLUDING QUEEN SCALLOPS OF THE GENERA PECTEN CHLAMYS OR PLACOPECTEN FROZEN DRIED SALTED OR IN BRINE,307220000
FLOUNDER FROZEN EXCEPT FILLETS LIVERS AND ROES NESOI,303390110
FISH OF THE FAMILIES BREGMACEROTIDAE EUCLICHTHYIDAE GADIDAE MAROURIDAE MELANONIDAE ETC. FILLETS FRESH OR CHILLED NESOI,304440090
SEABASS FRESH OR CHILLED EXCLUDING LIVERS ROES FILLETS AND OTHER FISH MEAT OF HEADING 0304 NESOI,302845000
PRODUCTS OF FISH OR CRUSTACEANS MOLLUSCS OR OTHER AQUATIC INVERTEBRATES; DEAD ANIMALS OF CHAPTER 3 UNFIT FOR HUMAN CONSUMPTION NESOI,511910090
HAKE WHOLE OR PROCESSED BY REMOVAL OF HEADS FINS VISCERA SCALES VERTEBRAL COLUMNS OR ANY COMBINATION THEREOF SALTED NT DRIED OR SMOKED; IN BRINE,305691021
SWORDFISH (XIPHIAS GLADIUS) FILLETS FROZEN,304840000
FLOURS MEALS AND PELLETS OF CRUSTACEANS FIT FOR HUMAN CONSUMPTION OR CRUSTACEANS NESOI,306990000
TILAPIA CATFISH CARP EEL NILE PERCH AND SNAKEHEAD FILLETS DRIED SALTED OR IN BRINE BUT NOT SMOKED,305310100
SHARK FINS FRESH OR CHILLED EXCEPT FILLETS,302920000
CRABS FROZEN EXCEPT CRABMEAT NESOI,306144090
FISH DRIED WHETHER OR NOT SALTED BUT NOT SMOKED NESOI,305590001
PANGASIUS SPP INCLUDING BASA AND TRA FROZEN EXCEPT FILLETS LIVERS AND ROES,303240020
LOLIGO SQUID PREPARED OR PRESERVED,1605546020
RAYS AND SKATES FRESH OR CHILLED EXCLUDING LIVERS ROES FILLETS AND OTHER FISH MEAT OF HEADING 0304 NESOI,302820000
FISH FILLETS OF BREGMACEROTIDAE ETC SKIND FZWEIGHING OVER 4.5 KG EACH TO BE MINCED GRD OR CUT INTO PIECES OF UNIFORM WEIGHTS AND DIMENSIONSNES,304791090
SEA URCHIN LIVE FRESH OR CHILLED (EXCEPT ROE),308210029
FISH PREPARED OR PRESERVED NESOI PRE-COOKED AND FROZEN,1604206010
OCEAN PERCH FILLETS FROZEN EXCEPT ATLANTIC OCEAN PERCH NESOI,304895040
RED KING CRAB(PARALITHODES CAMTSCHATICUS) FROZEN EXCEPT CRABMEAT,306144003
SEA URCHINS INCLUDING FLOURS MEALS AND PELLETS FIT FOR HUMAN CONSUMPTION FROZEN,308220000
TUNAS AND SKIPJACK IN OIL IN AIRTIGHT CONTAINERS IN FOIL OR OTHER FLEXIBLE CONTAINERS WEIGHING WITH THEIR CONTENTS NOT MORE THAN 6.8 KG EACH,1604141010
NORWAY LOBSTERS (NEPHROPS NORVEGICUS) LIVE FRESH OR CHILLED,306340000
CUTTLE FISH (SEPIA OFFICINALIS ROSSIA MACROSOMA SEPIOLA SPP.) LIVE FRESH OR CHILLED,307420060
FISH FRESH OR CHILLED SCALED IN IMMEDIATE CONTAINERS WEIGHING WITH THEIR CONTENTS 6.8 KG OR LESS EXCEPT FILLETS LIVERS AND ROES NESOI,302891140
CRAWFISH FRESHWATER FROZEN; FLOURS MEALS AND PELLETS FIT FOR HUMAN CONSUMPTION,306190010
SALMON (OTHER THAN ATLANTIC SLAMON) MEAT OTHER THAN FILLETS FRESH OR CHILLED,304520020
HALIBUT FILLETS SKINNED FROZEN BLOCKS OVER 4.5 KG TO BE MINCED GROUND OR CUT INTO PIECES OF UNIFORM WEIGHTS & DIMENSIONS EXCEPT GREENLAND HALIBUT,304831025
BONITO (SARDA SPP.) PREPARED OR PRESERVED IN OIL,1604147000
CARP EEL OR SNAKEHEAD FILLETS FRESH OR CHILLED,304390000
DUNGENESS CRABMEAT PREPARED IN AIRTIGHT CONTAINERS,1605102030
ANCHOVIES (ENGRAULIS SPP.) SALTED BUT NOT DRIED OR SMOKED; IN BRINE NOT IN IMMEDIATE CONTAINERS WEIGHING WITH THEIR CONTENTS 6.8 KG OR LESS EACH,305636000
PIKE FRESH OR CHILLED EXCEPT FILLETS LIVERS AND ROES NESOI,302895007
CLARIAS SPP FILLETS FROZEN,304620090
OTHER SQUID FROZEN (EXCEPT FILLETS) DRIED SALTED OR IN BRINE EXCEPT LOLIGO SQUID,307430050
GREENLAND HALIBUT/TURBOT (REINHARDTIUS HIPPOGLOSSOIDES) FRESH OR CHILLED EXCEPT FILLETS LIVERS AND ROES,302210090
MUSSELS (MYTILUS SPP. PERNA SPP.) DRIED SALTED OR IN BRINE,307390100
SOLE FILLETS FRESH OR CHILLED,304430010
GROUPER FROZEN EXCEPT FILLETS LIVERS AND ROES,303890070
CRUSTACEANS OTHER THAN PEELED FRESHWATER CRAWFISH TAIL MEAT PREPARED OR PRESERVED NESOI,1605401090
SQUID LOLIGO OPALESCENS FROZEN (EXCEPT FILLETS) DRIED SALTED OR IN BRINE,307490122
MULLET ROE FRESH OR CHILLED,302914010
FISH WHOLE OR IN PIECES BUT NOT MINCED NOT IN OIL IN AIRTIGHT CONTAINERS NESOI,1604192200
OCTOPUS LIVE FRESH OR CHILLED,307510000
TILAPIA CATFISH CARP EELS NILE PERCH & SKHD MEAT FROZEN IN BULK OR IN IMMEDIATE CONTAINERS WEIGHING WITH THEIR CONTENTS OVER 6.8 KG EACH NESOI,304931090
COD CUSK HADDOCK HAKE (UROPHYCIS SPP.) AND POLLOCK INCLUDING FILLETS SMOKED,305494020
PACIFIC HALIBUT (HIPPOGLOSSUS STENOLEPIS) FROZEN EXCEPT FILLETS LIVERS AND ROES,303310020
ATLANTIC COD MEAT OTHER THAN FILLETS FRESH OR CHILLED,304530010
FISH IN IMMEDIATE CONTAINERS WEIGHING WITH THEIR CONTENTS 6.8 KG OR LESS EACH SALTED BUT NOT DRIED OR SMOKED; IN BRINE NESOI,305695001
SCALLOPS INCLUDING QUEEN SCALLOPS OF THE GENERA PECTEN CHLAMYS OR PLACOPECTEN DRIED SALTED OR IN BRINE,307290100
SHRIMPS AND PRAWNS (PANDALUS SPP. CRANGON CRANGON) FROZEN SHELL-ON COUNT SIZE (HEADLESS WEIGHT) 56-66 PER KG (26-30S) STAT NOTE 1 NESOI,306170012
CRABS PREPARED OR PRESERVED NESOI IN AIRTIGHT CONTAINERS,1605106010
OCEAN PERCH MEAT FROZEN IN BULK OR IMMEDIATE CONTAINERS WEIGHNG W/ CONTENTS OVER 6.8KG NOT MINCED,304991170
PACIFIC SALMON (ONCORHYNCHUS MASOU ONCORHYNCHUS RHODURUS) FROZEN EXCEPT FILLETS LIVERS AND ROES NESOI,303120062
FISH OF FAMILIES BREGMACEROTIDAE EUCLICHTHYIDAE ETC. MINCED FROZEN IN BULK OR IN CONTAINERS WEIGHING WITH THEIR CONTENTS OVER 6.8 KG EACH NESOI,304951015
EEL FISH STICKS AND SIMILAR PRODUCTS FILLETS OR OTHER PORTIONS OF FISH IF BREADED COATED WITH BATTER OR SIMILARLY PREPARED NESOI,1604175000
ATLANTIC COD FILLETS FRESH OR CHILLED,304440010
FISH EGGS FERTILIZED (NOT FOR HUMAN CONSUMPTION),511910010
OTHER FISH MEAT FROZEN IN BULK OR IN IMMEDIATE CONTAINERS WEIGHING WITH THEIR CONTENTS OVER 6.8 KG EACH NESOI,304991194
PERCH FILLETS FROZEN FRESHWATER NESOI,304895009
ROCK LOBSTER AND OTHER SEA CRAWFISH (PALINURUS SPP. PANULIRUS SPP.  JASUS SPP) LIVE FRESH OR CHILLED,306310000
HERRING FILLETS FROZEN,304860000
FRESHWATER FISH FILLETS FRESH OR CHILLED NESOI,304490115
ALASKA POLLOCK MEAT FROZEN IN BULK OR IN IMMEDIATE CONTAINERS WEIGHING WITH THEIR CONTENTS OVER 6.8 KG EACH NOT MINCED,304941090
CARP FROZEN EXCEPT FILLETS LIVERS AND ROES,303250100
FROZEN OYSTERS,307120060
DOGFISH AND OTHER SHARKS FROZEN NESOI,304960000
CARP EELS AND SNAKEHEAD FILLETS FROZEN,304690000
STURGEON ROE FRESH OR CHILLED,302912000
FLATFISH FILLETS SKINNED FROZEN BLOCKS WEIGHING OVER 4.5 KG EACH TO BE MINCED GROUND OR CUT INTO PIECES OF UNIFORM WEIGHTS AND DIMENSIONS NESOI,304831090
JELLYFISH FIT FOR HUMAN CONSUPMTION INCLUDING FLOURS MEALS AND PELLETS,308300000
SARDINES SARDINELLA AND BRISLING OR SPRATS NESOI WHOLE OR IN PIECES BUT NOT MINCED PREPARED OR PRESERVED,1604139000
ATLANTIC SALMON (SALMO SALAR) FILLETS FARMED FRESH OR CHILLED,304410010
CLAMS IN AIRTIGHT CONTAINERS NESOI,1605562000
HADDOCK FILLETS SKINNED FROZEN BLOCKS WEIGHING OVER 4.5 KG EACH IMPORTED TO BE MINCED GROUND OR CUT INTO PIECES OF UNIFORM WEIGHTS AND DIMENSIONS,304721000
SWORDFISH STEAKS FRESH OR CHILLED EXCEPT FILLETS LIVERS AND ROES NESOI,302470010
FISH OF FAMILES BREGMACEROTIDAE ETC; FR/CH SCALED IN CONTAINERS WEIGHING WITH THEIR CONTENTS 6.8 KG OR LESS EXCEPT FILLETS LIVERS AND ROES NESOI,302591100
PINK (HUMPIE) SALMON (ONCORHYNCHUS GORBUSCHA) FROZEN EXCEPT FILLETS LIVERS AND ROES,303120032
ALASKA POLLOCK (THERAGRA CHALCOGRAMMA) FILLETS SKINNED FROZEN BLOCKS WEIGHING OVER 4.5 KG EACH TO BE MINCED GROUND OR CUT INTO PIECES ETC,304751000
CATFISH (SILURUS OR CLARIAS) FILLETS FRESH OR CHILLED,304320090
GREENLAND TURBOT (GREENLAND HALIBUT; REINHARDTIUS HIPPOGLOSSOIDES) MEAT OTHER THAN FILLETS FRESH OR CHILLED,304590055
OCEAN PERCH FILLETS SKINNED FROZEN BLOCKS WEIGHING OVER 4.5 KG EACH TO BE MINCED GROUND OR CUT INTO PIECES OF UNIFORM WEIGHTS & DIMENSIONS NESOI,304891030
BONITO YELLOWTAIL AND POLLOCK NOT IN OIL IN AIRTIGHT CONTAINERS,1604191000
SABLE FISH (ANOPLOPOMA FIMBRIA) FRESH OR CHILLED EXCEPT FILLETS LIVERS AND ROES NESOI,302895052
FLOUNDER FILLETS SKINNED FROZEN BLOCKS WEIGHING OVER 4.5 KG EACH IMPORTED TO BE MINCED GROUND OR CUT INTO PIECES OF UNIFORM WEIGHTS AND DIMENSIONS,304831020
GEODUCK CLAMS LIVE FRESH OR CHILLED,307710050
PANGASIUS SPP INCLUDING BASA AND TRA FILLETS FROZEN,304620020
FROZEN FISH FILLETS OF THE FAMILIES BREGMACEROTIDAE EUCLICHTHYIDAE GADIDAE MACROURIDAE MELANONIDAE MERLUCCIIDAEMORIDAE & MURAENOLEPIDIDAE NESOI,304795000
SCALLOP INCLUDING QUEEN SCALLOP PRODUCTS CONTAINING FISH MEAT; PREPARED MEALS,1605520500
SEA CUCUMBERS INCLUDING FLOURS MEALS AND PELLETS FIT FOR HUMAN CONSUMPTION FROZEN,308120000
BLUE KING CRAB(PARALITHODES PLATYPUS) FROZEN EXCEPT CRABMEAT,306144006
COCKLES AND ARK SHELLS FROZEN,307720060
ATLANTIC SALMON (SALMO SALAR) FARMED FRESH OR CHILLED EXCEPT FILLETS LIVERS AND ROES,302140003
BLUE WHITINGS FROZEN EXCEPT FILLETS LIVERS AND ROES,303680000
FLOURS MEALS AND PELLETS OF FISH FIT FOR HUMAN CONSUMPTION IN IMMEDIATE CONTAINERS WEIGHING WITH CONTENTS NOT OVER 6.8 KG EACH,305104000
OCTOPUS DRIED SALTED OR IN BRINE,307590100
SMOKED TILAPIA CATFISH CARP EELS NILE PERCH AND SNAKEHEADS INCLUDING FILLETS OTHER THAN EDIBLE FISH OFFAL,305440100
ALBACORE TUNA NOT IN OIL IN AIRTIGHT CONTAINERS WEIGHING NOT OVER 7 KG NESOI 4.8% OF U. S. CONSUMPTION OF CANNED TUNA DURING PRECEDING YEAR,1604142259
FLOUNDER MEAT OTHER THAN FILLETS FRESH OR CHILLED,304590050
TUNAS AND SKIPJACK NESOI NOT IN OIL IN FOIL OR OTHER FLEXIBLE AIRTIGHT CONTAINERS WEIGHING WITH THEIR CONTENTS NOT MORE THAN 6.8 KG EACH,1604143091
SCALLOPS INCLUDING QUEEN SCALLOPS OF THE GENERA PECTEN CHLAMYS OR PLACOPECTEN LIVE FRESH OR CHILLED,307210000
ATLANTIC AND PACIFIC BLUEFIN TUNAS (THUNNUS THYNNUS THUNNUS ORIENTALIS) FRESH OR CHILLED EXCEPT FILLETS LIVERS AND ROES,302350100
ROCK SOLE (PLEURONECTES BILINEATUS) FROZEN EXCEPT FILLETS LIVERS AND ROES,303390120
OCTOPUS PRODUCTS CONTAINING FISH MEAT; PREPARED MEALS,1605550500
COD (GADUS OGAC GADUS MACROCEPHALUS) FROZEN EXCEPT ATLANTIC FILLETS LIVERS AND ROES,303630090
PERCH FILLETS SKINNED & FROZEN IN BLOCKS EACH GT 4.5 KG TO BE MINCED GROUND OR CUT INTO PIECES OF UNIFORM WEIGHT & DIMENSION NESOI,304891035
COLD-WATER SHRIMPS AND PRAWNS (PANDALUS SPP. CRANGON CRANGON) FROZEN SHELL-ON COUNT SIZE (HEADLESS WEIGHT) MORE THAN 154 PER KG (70S) STAT NOTE 1,306160027
EDIBLE FISH OFFAL DRIED SALTED IN BRINE OR SMOKED NESOI,305790000
ABALONE PRODUCTS CONTAINING FISH MEAT; PREPARED MEALS,1605570500
SQUID FROZEN (EXCEPT FILLETS) DRIED SALTED OR IN BRINE EXCEPT LOLIGO SQUID,307490150
FROZEN OYSTERS NESOI,307120080
COHO (SILVER) SALMON FARMED FRESH OR CHILLED EXCEPT FILLETS LIVERS AND ROES,302130053
OTHER SQUID LOLIGO OPALESCENS FROZEN (EXCEPT FILLETS) DRIED SALTED OR IN BRINE,307430022
SEABREAM FRESH OR CHILLED EXCLUDING LIVERS ROES FILLETS AND OTHER FISH MEAT OF HEADING 0304 NESOI,302855000
TOOTHFISH FROZEN NESOI,304929000
LOBSTERS (HOMARUS SPP.) IN AIRTIGHT CONTAINERS FROZEN NOT IN BRINE,306120030
HERRING MEAL; PILCHARD MEAL UNFIT FOR HUMAN CONSUMPTION,2301200010
FISH FILLETS OF FAMILIES BREGMACEROTIDAE EUCLICHTHYIDAE GADIDAE MACROURIDAE MELANONIDAE ETC. DRIED SALTED OR IN BRINE BUT NOT SMOKED NESOI,305320090
PANGASIUS SPP INCLUDING BASA AND TRA FILLETS FRESH OR CHILLED,304320020
KING CRABMEAT PREPARED FROZEN,1605104002
FATS AND OILS AND THEIR FRACTIONS OF FISH OTHER THAN LIVER OILS WHETHER OR NOT REFINED BUT NOT CHEMICALLY MODIFIED NESOI,1504206040
THUNNUS ORIENTALIS (PACIFIC BLUEFIN TUNA) FROZEN EXCEPT FILLETS LIVERS AND ROES,303450150
HERRINGS (CLUPEA HARENGUS CLUPEA PALLASII) WHOLE OR BEHEADED BUT NOT OTHERWISE PROCESSED SMOKED,305420020
GEODUCK CLAMS INCLUDING FLOURS MEALS AND PELLETS FIT FOR HUMAN CONSUMPTION FROZEN,307720030
PICKEREL FILLETS FROZEN NESOI,304895015
SARDINES NESOI SARDINELLA AND BRISLING OR SPRATS NEITHER SKINNED NOR BONED IN OIL IN AIRTIGHT CONTAINERS,1604132000
WHITEFISH FILLETS FRESHWATER FRESH OR CHILLED,304490109
FISH MEAT OF FAMILIES BREGMACEROTIDAE EUCLICHTHYIDAE GADIDAE MACROURIDAE MELANONIDAE MERLUCCIIDAE MORIDAE AND MURAENONLEPIDIDAE FROZEN NESOI,304959000
COD MEAT OTHER THAN FILLETS FRESH OR CHILLED EXCEPT ATLANTIC COD,304530015
MACKEREL WHOLE OR IN PIECES BUT NOT MINCED PREPARED OR PRESERVED,1604150000
SEA URCHINS PREPARED OR PRESERVED NESOI,1605620000
SEABASS FRESH OR CHILLED SCALED IN IMMEDIATE CONTAINERS WEIGHING WITH THEIR CONTENTS 6.8 KG OR LESS EXCEPT FILLETS LIVERS AND ROES,302841100
SALMONIDAE MEAT OTHER THAN FILLETS FRESH OR CHILLED NESOI,304520090
SALMON NESOI NOT IN OIL CANNED,1604114040
SWORDFISH STEAKS FROZEN EXCEPT FILLETS,303570010
SALMON ROE FROZEN,303914040
TROUT (SALMO TRUTTA ONCORHYNCHUS MYKISS CLARKI AGUABONITA GILAE APACHE & CHRYSOGASTER) FR/CH EXCEPT FARMED RAINBOW TROUT; FILLETS LIVER & ROE,302110090
PLAICE FILLETS FRESH OR CHILLED,304430015
COD W/ MOISTURE CONT BY WT OVER 45% BUT NOT OV 50% WHOLE/PROCSD BY REMOVAL OF HEADS/FINS/VISCERA/SCALES/VERTEBRAL COLS SALTD NOT DRD/SMKD; IN BRINE,305620025
CRUSTACEANS NESOI PRODUCTS CONTAINING FISH MEAT; PREPARED MEALS,1605400500
MOLLUSCS INCLUDING FLOURS MEALS AND PELLETS FIT FOR HUMAN CONSUMPTION FROZEN,307920090
COD MEAT MINCED FROZEN IN BULK OR IN IMMEDIATE CONTAINERS WEIGHING WITH THEIR CONTENTS OVER 6.8 KG EACH,304951010
RAYS AND SKATES FROZEN EXCEPT FILLETS LIVERS AND ROES,303820000
COD FILLETS FRESH OR CHILLED EXCEPT ATLANTIC COD,304440015
TUNA IN BULK OR IN IMMEDIATE CONTAINERS WEIGHING WITH THEIR CONTENTS OVER 6.8 KG EACH FROZEN NESOI,304991190
COLD-WATER SHRIMPS AND PRAWNS (PANDALUS SPP. CRANGON CRANGON) FROZEN SHELL-ON COUNT SIZE (HEADLESS WEIGHT) 89-110 PER KG (41-50S) STAT NOTE 1,306160018
SNOW CRABS FROZEN EXCEPT CRABMEAT,306144020
HERRINGS FILLETS PICKLED,1604126010
FLAT FISH FROZEN EXCEPT FILLETS LIVERS AND ROES NESOI,303390195
SHRIMPS AND PRAWNS SHELL-ON NESOI,306950020
CLAMS INCLUDING FLOURS MEALS AND PELLETS FIT FOR HUMAN CONSUMPTION DRIED SALTED OR IN BRINE EXCEPT GEODUCK AND STIMSON'S CLAMS,307790155
PERCH (EXCEPT PIKE OR NILE PERCH) FRESHWATER FRESH OR CHILLED EXCEPT FILLETS LIVERS AND ROES NESOI,302895025
COD (GADUS OGAC GADUS MACROCEPHALUS) FRESH OR CHILLED EXCEPT ATLANTIC COD FILLETS LIVERS AND ROES,302510090
ANCHOVIES IN OIL IN AIRTIGHT CONTAINERS,1604162000
LOBSTER PREPARED OR PRESERVED NESOI,1605301090
FLATFISH (PLEURONECTIDAE BOTHIDAE CYNOGLOSSIDAE SOLEIDAE SCOPHTHALMIDAE AND CITHARIDAE) FRESH OR CHILLED EXCLEPT FILLETS LIVERS AND ROES NESOI,302290190
MONKFISH (LOPHIUS SPP.) FROZEN EXCEPT FILLETS LIVERS AND ROES,303890052
CALLINECTES SPP INCLUDING BLUE CRABS (C. SAPIDUS)  FROZEN,1605104025
PACIFIC HALIBUT (HIPPOGLOSSUS STENOLEPIS) FRESH OR CHILLED EXCEPT  FILLETS LIVERS AND ROES,302210020
SNOW CRABMEAT NESOI PREPARED FROZEN,1605104010
FISH FILLETS DRIED SALTED OR IN BRINE BUT NOT SMOKED NESOI,305396180
WHITEFISH MEAT FROZEN IN BULK OR IN IMMEDIATE CONTAINERS WEIGHING WITH THEIR CONTENTS OVER 6.8 KG EACH NOT MINCED,304991183
CLAMS INCLUDING FLOURS MEALS AND PELLETS FIT FOR HUMAN CONSUMPTION FROZEN EXCEPT GEODUCK AND STIMSON'S CLAMS,307720055
COD FILLETS SKINNED FROZEN BLOCKS WEIGHING OVER 4.5 KG EACH TO BE MINCED GROUND OR CUT INTO PIECES OF UNIFORM WEIGHTS AND DIMENSIONS,304711000
RAINBOW TROUT (SALMO GAIRDNERI) FARMED FRESH OR CHILLED EXCEPT FILLETS LIVERS AND ROES,302110010
TUNA ALBACORE (THUNNUS ALALUNGA) NOT IN OIL IN AIRTIGHT CONTAINERS NESOI,1604143059
OTHER TUNAS & SKIPJACK NO OIL IN FOIL/FLEXIBLE AIRTIGHT CONTAINERSNOT OVER 6.8 KG 4.8% OF U. S. CONSUMPTION OF CANNED TUNA DURING PRECEDING YEAR,1604142291
PIKE FILLETS FRESH OR CHILLED,304490103
ATLANTIC SALMON (SALMO SALAR) FILLETS FRESH OR CHILLED EXCEPT FARMED,304410020
FLOURS MEALS AND PELLETS OF FISH OR OF CRUSTACEANS MOLLUSCS OR OTHER AQUATIC INVERTEBRATES NESOI UNFIT FOR HUMAN CONSUMPTION,2301200090
SHRIMPS AND PRAWNS BREADED FROZEN,1605211020
SNAPPER (LUTJANIDAE SPP.) FROZEN EXCEPT FILLETS LIVERS AND ROES,303890067
FISH FILLETS FRESH OR CHILLED NESOI,304490190
CONCH LIVE FRESH OR CHILLED,307910230
PICKEREL FRESH OR CHILLED EXCEPT FILLETS LIVERS AND ROES NESOI,302895010
HERRINGS SALTED BUT NOT DRIED OR SMOKED IN BRINE NESOI,305614000
FISH OF FAMILIES BREGMACEROTIDAE EUCLICHTHYIDAE ETC. NOT MINCEDFROZENIN BULK OR IN CONTAINERS WEIGHING WITH THEIR CONTENTS OVER 6.8 KG EACH NESOI,304951090
TUNA (OF GENUS THUNNUS) SKIPJACK OR STRIPTE-BELLIED BONITO (EUTHYNNUS (KATSUWONUS) PELAMIS) FILLETS FROZEN,304870000
ATLANTIC OCEAN PERCH MEAT OTHER THAN FILLETS FRESH OR CHILLED,304590065
FISH MEAT (OTHER THAN OCEAN) FROZEN NESOI,304999192
HERRINGS WHOLE OR IN PIECES BUT NOT MINCED NESOI PREPARED OR PRESERVED,1604126090
COD FILLETS DRIED SALTED OR IN BRINE BUT NOT SMOKED,305320010
OTHER LOLIGO SQUID FROZEN (EXCEPT FILLETS) DRIED SALTED OR IN BRINE NESOI,307430029
CUTTLE FISH PREPARED OR PRESERVED NESOI,1605546010
COHO (SILVER) SALMON (ONCORHYNCHUS KISUTCH) FROZEN EXCEPT FILLETS LIVERS AND ROES,303120052
OYSTERS FARMED LIVE FRESH OR CHILLED EXCEPT SEED OYSTERS,307110060
WHITING FILLETS (MERLUCCIUS SPP.) SKINNED FROZEN BLOCKS WEIGHING OVER 4.5 KG EACH TO BE MINCED GROUND OR CUT INTO PIECES OF UNIFORM WEIGHTS ETC,304791015
OTHER KING CRABS FROZEN EXCEPT CRABMEAT,306144015
HADDOCK MEAT FROZEN  IN BULK OR IN IMMEDIATE CONTAINERS WEIGHING WITH THEIR CONTENTS OVER 6.8 KG EACH NOT MINCED,304951025
HADDOCK FILLETS FRESH OR CHILLED,304440020
WHITEFISH FRESH WATER FROZEN EXCEPT FILLETS LIVERS AND ROES,303890037
SHRIMP AND PRAWN PRODUCTS CONTAINING FISH MEAT; PREPARED MEALS NOT IN AIRTIGHT CONTAINERS,1605210500
ATLANTIC COD (GADUS MORHUA) FRESH OR CHILLED EXCEPT FILLETS LIVERS AND ROES,302510010
LOBSTER MEAT COOKED BY STEAMING OR BOILING IN WATER AND OUT OF SHELL NOT FURTHER PREPARED OR PRESERVED FROZEN,1605301010
ANCHOVIES IN IMMEDIATE CONTAINERS WEIGHING WITH THEIR CONTENTS 6.8 KG OR LESS EACH SALTED BUT NOT DRIED OR SMOKED; IN BRINE NOT IN AIRTIGHT CONTNRS,305634000
ATLANTIC COD (GADUS MORHUA) FROZEN EXCEPT FILLETS LIVERS AND ROES,303630010
COCKLES AND ARK SHELLS OTHER THAN LIVE FRESH OR CHILLED,307790160
HAKE FILLETS SKINNED FROZEN BLOCKS WEIGHING OVER 4.5 KG EACH TO BE MINCED GROUND OR CUT INTO PIECES OF UNIFORM WEIGHTS AND DIMENSIONS,304741000
FLOUNDER FRESH OR CHILLED EXCEPT FILLETS LIVERS AND ROES,302290110
CAVIAR (PREPARED FROM THE ROE OF STURGEON),1604310000
SEA CUCUMBERS INCLUDING FLOURS MEALS AND PELLETS FIT FOR HUMAN CONSUMPTION NESOI,308190100
SMELTS FRESH OR CHILLED EXCEPT FILLETS LIVERS AND ROES NESOI,302895037
OTHER CUTTLE FISH (SEPIA OFFICINALIS ROSSIA MACROSOMA SEPIOLA SPP.) FROZEN DRIED SALTED OR IN BRINE,307430060
FISH BALLS CAKES AND PUDDINGS NOT IN OIL IN AIRTIGHT CONTAINERS WEIGHING WITH THEIR CONTENTS NOT OVER 6.8 KG EACH,1604202000
COD HAVING A MOISTURE CONT BY WEIGHT OVER 50% WHOLE/PROCESSED BY REMOVAL OF HEADS/FINS/VISCERA/SCALES/VERTEBRAL COLUMNS SALTD NOT DRD/SMKD; IN BRINE,305620010
COD LIVER OIL AND ITS FRACTIONS WHETHER OR NOT REFINED BUT NOT CHEMICALLY MODIFIED,1504102000
FLOUNDER FILLETS FRESH OR CHILLED,304430020
SWIMMING CRABMEATPREPARED/PRESERVED(PORTUNIDAE)CALLINECTES SPPINCLUDING BLUE CRABS (C. SAPIDUS),1605102051
OCTOPUS FROZEN DRIED SALTED OR IN BRINE,307520000
CRABMEAT FRESH OR CHILLED,306332000
TILAPIA OTHER THAN OREOCHROMIS SPP. FROZEN EXCEPT FILLETS LIVERS AND ROES,303890040
CRABMEAT PREPARED OR PRESERVED NESOI,1605104040
PIKE FILLETS FROZEN NESOI,304895020
SNAPPER (LUTJANIDAE SPP.) FRESH OR CHILLED EXCEPT FILLETS LIVERS AND ROES NESOI,302895058
SABLE FISH (ANOPLOPOMA FIMBRIA) FRESH OR CHILLED SCALED IN IMMEDIATE CONTAINERS WEIGHING WITH CONTENTS 6.8 KG OR LESS EXCEPT FILLETS LIVERS ROES,302891120
ATLANTIC HALIBUT (HIPPOGLOSSUS HIPPOGLOSSUS) FROZEN EXCEPT FILLETS LIVERS AND ROES,303310010
HADDOCK MEAT OTHER THAN FILLETS FRESH OR CHILLED,304530020
FISH FROZEN EXCEPT FILLETS LIVERS AND ROES HERRINGS (CLUPEA HARENGUS CLUPEA PALLASII),303590000
MACKEREL INCLUDING FILLETS SMOKED,305492000
CUSK FILLETS FRESH OR CHILLED,304490125
CUSK FRESH OR CHILLED EXCEPT FILLETS LIVERS AND ROES NESOI,302895040
HAKE SALTED BUT NOT DRIED OR SMOKED; IN BRINE NESOI,305691041
TOOTHFISH (DISSOSTICHUS SPP.) FRESH OR CHILLED EXCLUDING FILLETS LIVERS AND ROES,302830000
TUNAS AND SKIPJACK PREPARED OR PRESERVED NOT IN AIRTIGHT CONTAINERS NESOI,1604145000
TOOTHFISH (DISSOSTICHUS SPP.) FILLETS FROZEN,304850000
CAPELIN FROZEN EXCEPT FILLETS LIVERS AND ROES,303890058
PIKE PERCH (INCLUDING YELLOW PIKE) FILLETS FROZEN NESOI,304895006
ICTALURUS SPP FROZEN EXCEPT FILLETS LIVERS AND ROES NESOI,303240010
COLD-WATER SHRIMPS AND PRAWNS (PANDALUS SPP. CRANGON CRANGON) FROZEN SHELL-ON COUNT SIZE (HEADLESS WEIGHT) 56-66 PER KG (26-30S) STAT NOTE 1,306160012
FISH MEAT MINCED FROZEN IN BULK OR IN IMMEDIATE CONTAINERS WEIGHING WITH THEIR CONTENTS OVER 6.8 KG EACH,304991109
ATLANTIC SALMON (SALMO SALAR) MEAT OTHER THAN FILLETS FARMED FRESH OR CHILLED,304520010
SWORDFISH FROZEN EXCEPT STEAKS FILLETS LIVERS AND ROES,303570090
SOLE FILLETS SKINNED FROZEN BLOCKS WEIGHING OVER 4.5 KG EACH IMPORTED TO BE MINCED GROUND OR CUT INTO PIECES OF UNIFORM WEIGHTS AND DIMENSIONS,304831015
MONKFISH (LOPHIUS SPP.) FRESH OR CHILLED EXCLUDING FILLETS LIVERS AND ROES,302895067
ATLANTIC AND PACIFIC BLUEFIN TUNAS (THUNNUS THYNNUS THUNNUS ORIENTALIS) LIVE,301940100
OYSTERS OTHER THAN LIVE FRESH OR CHILLED NOT FARMED,307190180
PIKE MEAT FROZEN IN BULK OR IN IMMEDIATE CONTAINERS WEIGHING WITH THEIR CONTENTS OVER 6.8 KG EACH NOT MINCED,304991182
CHUM (DOG) SALMON NOT IN OIL CANNED,1604114010
SHARK FINS FROZEN EXCEPT FILLETS,303920000
YELLOWFIN TUNAS (THUNNUS ALBACARES) HEAD-ON FROZEN EXCEPT WHOLE,303420040
OCEAN CATFISH (WOLF FISH) FILLETS FROZEN NESOI,304895045
CUSK FROZEN EXCEPT FILLETS LIVERS AND ROES NESOI,303890010
GEODUCK CLAMS INCLUDING FLOURS MEALS AND PELLETS FIT FOR HUMAN CONSUMPTION DRIED SALTED OR IN BRINE,307790130
COALFISH (POLLACHIUS VIRENS) FILLETSSKIND FZ BLOCKS WEIGHING OVER 4.5 KG EA TO BE MINCED GROUND OR CUT INTO PIECES OF UNIFORM WEIGHTS & DIMENSIONS,304731000
RAY AND SKATES (RAJIDAE) FROZEN NESOI,304970000
SNAKEHEADS FRESH OR CHILLED EXCLUDING LIVERS ROES FILLETS AND OTHER FISH MEAT OF HEADING 0304 NESOI,302795076
HAKE FRESH OR CHILLED SCALED IN IMMEDIATE CONTAINERS WEIGHING WITH THEIR CONTENTS 6.8 KG OR LESS EXCEPT FILLETS LIVERS AND ROES,302541100
SEED OYSTERS LIVE FRESH OR CHILLED,307110020
ALASKA POLLOCK FRESH OR CHILLED SCALED IN IMMEDIATE CONTAINERS WEIGHING WITH THEIR CONTENTS 6.8 KG OR LESS EXCEPT FILLETS LIVERS AND ROES,302551100
SOUTHERN BLUEFIN TUNAS (THUNNUS MACCOYII) LIVE,301950000
GREENLAND TURBOT (GREENLAND HALIBUT REINHARDTIUS HIPPOGLOSSOIDES) MEAT FROZEN IN BULK OR IMMEDIATE CONTAINERS WEIGHNG W/ CONTENTS OVER 6.8KG NESOI,304991160
DOGFISH & OTHER SHARKS FRESH OR CHILLED,304560000
ATLANTIC POLLOCK (POLLACHIUS VIRENS) FRESH OR CHILLED EXCEPT FILLETS LIVERS AND ROES,302530000
STURGEON ROE FROZEN,303912000
